,T2_54_AO,T2_63_AO,T2_69_AO,T2_72_AO,T2_78_AO,T2_81_AO,T3_54_AO,T3_63_AO,T3_69_AO,T3_72_AO,T3_78_AO,T3_81_AO,T4_54_AO,T4_63_AO,T4_69_AO,T4_72_AO,T4_78_AO,T4_81_AO,T5_54_AO,T5_63_AO,T5_69_AO,T5_72_AO,T5_78_AO,T5_81_AO,T6_54_AO,T6_63_AO,T6_69_AO,T6_72_AO,T6_78_AO,T6_81_AO,T7_1_AO,T7_2_AO,T7_3_AO,T7_25_AO,T7_26_AO,T7_27_AO,T2_51_NO,T2_57_NO,T2_60_NO,T2_66_NO,T2_75_NO,T2_84_NO,T3_51_NO,T3_57_NO,T3_60_NO,T3_66_NO,T3_75_NO,T3_84_NO,T4_51_NO,T4_57_NO,T4_60_NO,T4_66_NO,T4_75_NO,T4_84_NO,T5_51_NO,T5_57_NO,T5_60_NO,T5_66_NO,T5_75_NO,T5_84_NO,T6_51_NO,T6_57_NO,T6_60_NO,T6_66_NO,T6_75_NO,T6_84_NO,T7_13_NO,T7_14_NO,T7_15_NO,T7_37_NO,T7_38_NO,T7_39_NO
crown_Caged1_CCA,4.166666667,87.5,16.66666667,0,4.166666667,4.166666667,4.166666667,45.83333333,62.5,0,87.5,91.66666667,37.5,41.66666667,4.166666667,0,0,0,62.5,79.16666667,83.33333333,41.66666667,37.5,50,66.66666667,70.83333333,79.16666667,0,58.33333333,41.66666667,0,4.166666667,0,0,8.333333333,0,0,8.333333333,0,8.333333333,8.333333333,0,41.66666667,0,12.5,0,29.16666667,4.166666667,0,0,0,0,16.66666667,0,0,16.66666667,0,0,70.83333333,4.166666667,41.66666667,0,8.333333333,0,25,0,0.00,0.00,0.00,4.17,4.17,0.00
crown_Caged2_EAM,4.166666667,0,0,0,0,0,25,45.83333333,0,0,0,0,0,20.83333333,8.333333333,0,0,4.166666667,4.166666667,0,4.166666667,0,0,0,0,0,0,0,0,0,12.5,0,25,16.66666667,8.333333333,16.66666667,0,8.333333333,0,0,0,0,0,0,0,0,4.166666667,0,0,0,0,0,0,0,0,0,0,0,0,0,0,0,0,0,0,0,54.17,8.33,0.00,29.17,4.17,0.00
crown_Caged3_Turf,91.66666667,4.166666667,83.33333333,58.33333333,95.83333333,95.83333333,54.16666667,0,33.33333333,91.66666667,12.5,8.333333333,62.5,16.66666667,75,70.83333333,100,95.83333333,29.16666667,0,4.166666667,8.333333333,62.5,45.83333333,29.16666667,4.166666667,8.333333333,0,25,50,29.16666667,16.66666667,62.5,50,16.66666667,4.166666667,83.33333333,83.33333333,33.33333333,91.66666667,83.33333333,8.333333333,58.33333333,100,83.33333333,79.16666667,4.166666667,95.83333333,100,100,0,12.5,45.83333333,100,100,70.83333333,70.83333333,37.5,12.5,87.5,58.33333333,91.66666667,62.5,16.66666667,62.5,100,45.83,54.17,100.00,25.00,41.67,83.33
crown_Caged4_Lobophora,0,0,0,0,0,0,0,0,0,0,0,0,0,0,0,0,0,0,0,8.333333333,0,0,0,4.166666667,4.166666667,12.5,0,0,4.166666667,4.166666667,45.83333333,54.16666667,8.333333333,33.33333333,62.5,70.83333333,0,0,0,0,0,0,0,0,0,0,0,0,0,0,0,0,0,0,0,0,0,0,8.333333333,0,0,8.333333333,4.166666667,0,12.5,0,0.00,0.00,0.00,37.50,45.83,8.33
crown_Caged5_Long_turf,0,0,0,41.66666667,0,0,0,0,0,0,0,0,0,0,0,0,0,0,0,0,0,0,0,0,0,0,0,0,0,0,0,0,0,0,0,0,0,0,66.66666667,0,0,91.66666667,0,0,0,20.83333333,54.16666667,0,0,0,0,0,4.166666667,0,0,0,0,0,0,0,0,0,0,0,0,0,0,0,0,0,0,0
crown_Caged6_Macroalgae,0,0,0,0,0,0,0,0,0,4.166666667,0,0,0,0,12.5,29.16666667,0,0,0,0,4.166666667,50,0,0,0,0,0,100,0,0,0,12.5,0,0,0,0,0,0,0,0,0,0,0,0,0,0,8.333333333,0,0,0,4.166666667,79.16666667,29.16666667,0,0,0,12.5,54.16666667,8.333333333,0,0,0,8.333333333,83.33333333,0,0,0.00,0.00,0.00,0.00,0.00,0.00
crown_Caged7_Thick_turf,0,0,0,0,0,0,0,0,0,4.166666667,0,0,0,0,0,0,0,0,0,0,0,0,0,0,0,0,8.333333333,0,0,0,8.333333333,0,4.166666667,0,0,4.166666667,16.66666667,0,0,0,0,0,0,0,0,0,0,0,0,0,95.83333333,0,4.166666667,0,0,4.166666667,0,8.333333333,0,8.333333333,0,0,16.66666667,0,0,0,0.00,0.00,0.00,0.00,0.00,4.17
crown_Caged8_Sand,0,0,0,0,0,0,0,0,4.166666667,0,0,0,0,0,0,0,0,0,4.166666667,0,4.166666667,0,0,0,0,0,0,0,0,0,4.166666667,0,0,0,0,0,0,0,0,0,0,0,0,0,4.166666667,0,0,0,0,0,0,0,0,0,0,8.333333333,16.66666667,0,0,0,0,0,0,0,0,0,0.00,37.50,0.00,0.00,0.00,0.00
crown_Caged9_NCCA,0,8.333333333,0,0,0,0,0,8.333333333,0,0,0,0,0,20.83333333,0,0,0,0,0,12.5,0,0,0,0,0,12.5,4.166666667,0,12.5,4.166666667,0,12.5,0,0,0,4.166666667,0,0,0,0,0,0,0,0,0,0,0,0,0,0,0,0,0,0,0,0,0,0,0,0,0,0,0,0,0,0,0.00,0.00,0.00,4.17,4.17,4.17
crown_Caged10_Inverts,0,0,0,0,0,0,0,0,0,0,0,0,0,0,0,0,0,0,0,0,0,0,0,0,0,0,0,0,0,0,0,0,0,0,4.166666667,0,0,0,0,0,4.166666667,0,0,0,0,0,0,0,0,0,0,0,0,0,0,0,0,0,0,0,0,0,0,0,0,0,0.00,0.00,0.00,0.00,0.00,0.00
crown_Caged11_Cyanobacteria,0,0,0,0,0,0,0,0,0,0,0,0,0,0,0,0,0,0,0,0,0,0,0,0,0,0,0,0,0,0,0,0,0,0,0,0,0,0,0,0,0,0,0,0,0,0,0,0,0,0,0,8.333333333,0,0,0,0,0,0,0,0,0,0,0,0,0,0,0,0,0,0,0,0
crown_Caged12_Bare,0,0,0,0,0,0,16.66666667,0,0,0,0,0,0,0,0,0,0,0,0,0,0,0,0,0,0,0,0,0,0,0,0,0,0,0,0,0,0,0,0,0,4.166666667,0,0,0,0,0,0,0,0,0,0,0,0,0,0,0,0,0,0,0,0,0,0,0,0,0,0,0,0,0,0,0
crown_Open1_CCA,12.5,100,66.66666667,75,95.83333333,91.66666667,25,0,95.83333333,91.66666667,100,100,83.33333333,70.83333333,54.16666667,33.33333333,82.60869565,54.16666667,50,79.16666667,100,87.5,95.65217391,91.66666667,50,83.33333333,33.33333333,79.16666667,87.5,66.66666667,70.83333333,66.66666667,33.33333333,33.33333333,4.166666667,4.166666667,4.166666667,0,100,56.52173913,8.333333333,8.695652174,100,45.83333333,95.83333333,86.95652174,100,79.16666667,100,58.33333333,79.16666667,20.83333333,87.5,0,95.83333333,91.66666667,100,70.83333333,91.66666667,75,100,95.83333333,95.83333333,58.33333333,83.33333333,0,79.17,83.33,87.50,75.00,75.00,20.83
crown_Open2_EAM,37.5,0,12.5,0,0,4.166666667,0,8.695652174,0,0,0,0,0,12.5,29.16666667,45.83333333,8.695652174,29.16666667,45.83333333,8.333333333,0,4.166666667,4.347826087,0,37.5,8.333333333,12.5,4.166666667,0,25,0,0,0,0,0,0,0,87.5,0,34.7826087,20.83333333,0,0,4.166666667,4.166666667,8.695652174,0,12.5,0,16.66666667,4.166666667,33.33333333,8.333333333,0,4.166666667,8.333333333,0,4.166666667,4.166666667,4.166666667,0,4.166666667,0,0,16.66666667,0,4.17,16.67,4.17,8.33,0.00,50.00
crown_Open3_Turf,50,0,20.83333333,8.333333333,4.166666667,4.166666667,54.16666667,0,4.166666667,0,0,0,16.66666667,0,16.66666667,20.83333333,8.695652174,16.66666667,0,12.5,0,4.166666667,0,4.166666667,8.333333333,4.166666667,54.16666667,12.5,4.166666667,0,0,0,8.333333333,12.5,8.333333333,50,95.83333333,0,0,4.347826087,4.166666667,0,0,4.166666667,0,0,0,8.333333333,0,20.83333333,16.66666667,45.83333333,0,87.5,0,0,0,0,0,20.83333333,0,0,0,12.5,0,100,4.17,0.00,4.17,0.00,0.00,8.33
crown_Open4_Lobophora,0,0,0,0,0,0,0,0,0,0,0,0,0,0,0,0,0,0,0,0,0,0,0,0,0,4.166666667,0,0,8.333333333,8.333333333,12.5,33.33333333,12.5,37.5,83.33333333,45.83333333,0,0,0,0,0,0,0,0,0,0,0,0,0,0,0,0,0,0,0,0,0,0,0,0,0,0,4.166666667,4.166666667,0,0,4.17,0.00,0.00,16.67,25.00,16.67
crown_Open5_Long_turf,0,0,0,0,0,0,0,0,0,0,0,0,0,0,0,0,0,0,0,0,0,0,0,0,0,0,0,0,0,0,0,0,0,0,0,0,0,0,0,0,0,0,0,0,0,0,0,0,0,0,0,0,0,0,0,0,0,0,0,0,0,0,0,0,0,0,0,0,0,0,0,0
crown_Open6_Macroalgae,0,0,0,0,0,0,0,0,0,0,0,0,0,0,0,0,0,0,0,0,0,0,0,0,0,0,0,0,0,0,0,0,0,0,0,0,0,0,0,0,0,0,0,0,0,0,0,0,0,0,0,0,0,0,0,0,0,0,0,0,0,0,0,0,0,0,0.00,0.00,0.00,0.00,0.00,0.00
crown_Open7_Thick_turf,0,0,0,0,0,0,0,0,0,0,0,0,0,0,0,0,0,0,0,0,0,0,0,0,0,0,0,0,0,0,0,0,0,0,0,0,0,0,0,0,0,0,0,0,0,0,0,0,0,0,0,0,0,0,0,0,0,0,0,0,0,0,0,0,0,0,0.00,0.00,0.00,0.00,0.00,0.00
crown_Open8_Sand,0,0,0,0,0,0,0,0,0,0,0,0,0,0,0,0,0,0,4.166666667,0,0,4.166666667,0,0,0,0,0,0,0,0,0,0,0,0,0,0,0,8.333333333,0,0,0,0,0,0,0,0,0,0,0,4.166666667,0,0,0,0,0,0,0,4.166666667,0,0,0,0,0,0,0,0,0.00,0.00,0.00,0.00,0.00,0.00
crown_Open9_NCCA,0,0,0,0,0,0,0,0,0,0,0,0,0,16.66666667,0,0,0,0,0,0,0,0,0,4.166666667,4.166666667,0,0,4.166666667,0,0,16.66666667,0,41.66666667,0,4.166666667,0,0,0,0,4.347826087,0,0,0,0,0,4.347826087,0,0,0,0,0,0,4.166666667,12.5,0,0,0,20.83333333,4.166666667,0,0,0,0,25,0,0,8.33,0.00,4.17,0.00,0.00,4.17
crown_Open10_Inverts,0,0,0,0,0,0,0,0,0,0,0,0,0,0,0,0,0,0,0,0,0,0,0,0,0,0,0,0,0,0,0,0,4.166666667,16.66666667,0,0,0,0,0,0,0,0,0,0,0,0,0,0,0,0,0,0,0,0,0,0,0,0,0,0,0,0,0,0,0,0,0.00,0.00,0.00,0.00,0.00,0.00
crown_Open11_Cyanobacteria,0,0,0,0,0,0,0,0,0,0,0,0,0,0,0,0,0,0,0,0,0,0,0,0,0,0,0,0,0,0,0,0,0,0,0,0,0,0,0,0,0,0,0,0,0,0,0,0,0,0,0,0,0,0,0,0,0,0,0,0,0,0,0,0,0,0,0,0,0,0,0,0
crown_Open12_Bare,0,0,0,16.66666667,0,0,20.83333333,91.30434783,0,8.333333333,0,0,0,0,0,0,0,0,0,0,0,0,0,0,0,0,0,0,0,0,0,0,0,0,0,0,0,4.166666667,0,0,66.66666667,91.30434783,0,45.83333333,0,0,0,0,0,0,0,0,0,0,0,0,0,0,0,0,0,0,0,0,0,0,0,0,0,0,0,0
crown_Partial1_CCA,4.166666667,100,70.83333333,66.66666667,91.66666667,62.5,100,29.16666667,100,87.5,100,95.83333333,58.33333333,75,50,4.166666667,70.83333333,54.16666667,50,87.5,95.83333333,62.5,75,79.16666667,79.16666667,79.16666667,75,75,91.66666667,83.33333333,0,0,0,0,0,0,0,0,29.16666667,25,8.333333333,12.5,95.83333333,70.83333333,21.73913043,62.5,95.83333333,25,33.33333333,12.5,20.83333333,8.333333333,100,0,87.5,83.33333333,65.2173913,58.33333333,100,16.66666667,62.5,91.66666667,52.17391304,25,95.83333333,0,0,0,0,0,0,0
crown_Partial2_EAM,20.83333333,0,16.66666667,0,0,0,0,58.33333333,0,0,0,4.166666667,0,8.333333333,29.16666667,37.5,0,4.166666667,8.333333333,12.5,0,4.166666667,0,0,0,20.83333333,0,8.333333333,4.166666667,8.333333333,0,0,0,0,0,0,0,100,41.66666667,75,33.33333333,0,4.166666667,29.16666667,69.56521739,12.5,0,66.66666667,66.66666667,0,0,33.33333333,0,0,8.333333333,0,0,12.5,0,0,0,0,0,0,0,0,0,0,0,0,0,0
crown_Partial3_Turf,62.5,0,12.5,33.33333333,8.333333333,37.5,0,0,0,8.333333333,0,0,37.5,16.66666667,20.83333333,58.33333333,29.16666667,41.66666667,33.33333333,0,0,33.33333333,25,12.5,8.333333333,0,12.5,8.333333333,4.166666667,4.166666667,0,0,0,0,0,0,100,0,4.166666667,0,0,62.5,0,0,0,25,4.166666667,8.333333333,0,87.5,79.16666667,58.33333333,0,95.83333333,0,16.66666667,34.7826087,4.166666667,0,70.83333333,16.66666667,0,39.13043478,54.16666667,4.166666667,95.83333333,0,0,0,0,0,0
crown_Partial4_Lobophora,0,0,0,0,0,0,0,0,0,0,0,0,0,0,0,0,0,0,0,0,0,0,0,4.166666667,0,0,12.5,0,0,4.166666667,0,0,0,0,0,0,0,0,0,0,0,0,0,0,0,0,0,0,0,0,0,0,0,4.166666667,0,0,0,8.333333333,0,12.5,8.333333333,0,8.695652174,4.166666667,0,4.166666667,0,0,0,0,0,0
crown_Partial5_Long_turf,0,0,0,0,0,0,0,0,0,0,0,0,0,0,0,0,0,0,0,0,0,0,0,0,0,0,0,0,0,0,0,0,0,0,0,0,0,0,0,0,0,0,0,0,0,0,0,0,0,0,0,0,0,0,0,0,0,0,0,0,0,0,0,0,0,0,0,0,0,0,0,0
crown_Partial6_Macroalgae,0,0,0,0,0,0,0,0,0,0,0,0,0,0,0,0,0,0,0,0,0,0,0,4.166666667,0,0,0,0,0,0,0,0,0,0,0,0,0,0,0,0,0,0,0,0,0,0,0,0,0,0,0,0,0,0,0,0,0,0,0,0,0,0,0,0,0,0,0,0,0,0,0,0
crown_Partial7_Thick_turf,0,0,0,0,0,0,0,0,0,0,0,0,0,0,0,0,0,0,0,0,0,0,0,0,0,0,0,0,0,0,0,0,0,0,0,0,0,0,0,0,0,0,0,0,0,0,0,0,0,0,0,0,0,0,0,0,0,0,0,0,0,0,0,0,0,0,0,0,0,0,0,0
crown_Partial8_Sand,0,0,0,0,0,0,0,0,0,0,0,0,0,0,0,0,0,0,8.333333333,0,0,0,0,0,0,0,0,0,0,0,0,0,0,0,0,0,0,0,0,0,0,0,0,0,0,0,0,0,0,0,0,0,0,0,4.166666667,0,0,4.166666667,0,0,12.5,0,0,0,0,0,0,0,0,0,0,0
crown_Partial9_NCCA,0,0,0,0,0,0,0,0,0,0,0,0,4.166666667,0,0,0,0,0,0,0,4.166666667,0,0,0,12.5,0,0,8.333333333,0,0,0,0,0,0,0,0,0,0,0,0,4.166666667,4.166666667,0,0,0,0,0,0,0,0,0,0,0,0,0,0,0,12.5,0,0,0,8.333333333,0,12.5,0,0,0,0,0,0,0,0
crown_Partial10_Inverts,0,0,0,0,0,0,0,0,0,0,0,0,0,0,0,0,0,0,0,0,0,0,0,0,0,0,0,0,0,0,0,0,0,0,0,0,0,0,0,0,0,0,0,0,0,0,0,0,0,0,0,0,0,0,0,0,0,0,0,0,0,0,0,4.166666667,0,0,0,0,0,0,0,0
crown_Partial11_Cyanobacteria,0,0,0,0,0,0,0,0,0,0,0,0,0,0,0,0,0,0,0,0,0,0,0,0,0,0,0,0,0,0,0,0,0,0,0,0,0,0,0,0,0,0,0,0,0,0,0,0,0,0,0,0,0,0,0,0,0,0,0,0,0,0,0,0,0,0,0,0,0,0,0,0
crown_Partial12_Bare,12.5,0,0,0,0,0,0,12.5,0,4.166666667,0,0,0,0,0,0,0,0,0,0,0,0,0,0,0,0,0,0,0,0,0,0,0,0,0,0,0,0,25,0,54.16666667,20.83333333,0,0,8.695652174,0,0,0,0,0,0,0,0,0,0,0,0,0,0,0,0,0,0,0,0,0,0,0,0,0,0,0
crevice_Caged1_CCA,0,76,0,0,4,0,4,68,0,0,24,20,0,12,0,0,0,0,0,4,4,4,4,0,24,12,8,0,4,4,0.00,0.00,0.00,0.00,4.00,8.00,0,0,0,0,0,0,4,0,0,0,8,0,0,0,0,0,0,0,0,4,0,0,12,0,12,0,0,0,0,0,0.00,0.00,0.00,0.00,4.00,0.00
crevice_Caged2_EAM,0,0,0,0,0,0,4,20,0,0,0,0,0,4,0,0,0,0,0,12,0,0,4,0,0,0,0,0,12,0,8.00,0.00,4.00,8.00,4.00,0.00,0,8,0,0,4,0,0,0,0,0,0,0,0,0,0,0,0,0,0,0,0,0,0,0,0,0,0,0,0,0,12.00,4.00,0.00,16.00,0.00,4.00
crevice_Caged3_Turf,76,4,80,24,52,84,88,12,36,92,68,80,88,80,68,56,92,100,72,12,12,28,72,68,64,68,84,0,64,80,28.00,16.00,60.00,68.00,24.00,32.00,28,84,16,76,44,4,68,100,40,76,20,84,100,100,40,8,48,88,4,76,12,16,12,80,88,96,56,4,72,96,48.00,52.00,44.00,68.00,44.00,60.00
crevice_Caged4_Lobophora,0,0,0,0,0,0,0,0,0,0,0,0,0,0,0,0,0,0,0,4,0,0,0,0,4,8,0,0,4,4,20.00,56.00,12.00,12.00,44.00,44.00,0,0,0,0,0,0,0,0,0,0,0,0,0,0,0,0,0,0,4,0,0,0,20,0,0,0,0,0,28,0,0.00,0.00,0.00,12.00,24.00,12.00
crevice_Caged5_Long_turf,0,0,0,76,0,0,0,0,0,0,0,0,0,0,0,0,0,0,0,0,0,0,0,0,0,0,0,0,0,0,0,0,0,0,0,0,0,0,84,0,0,96,0,0,4,20,48,0,0,0,0,0,4,0,0,0,0,0,0,0,0,0,0,0,0,0,0,0,0,0,0,0
crevice_Caged6_Macroalgae,0,0,8,0,0,0,0,0,4,8,0,0,0,0,8,44,0,0,0,0,4,52,0,0,0,0,0,100,0,0,0.00,8.00,0.00,4.00,0.00,12.00,0,0,0,0,0,0,0,0,0,4,16,0,0,0,4,80,36,0,0,0,24,68,8,0,0,0,12,92,0,0,0.00,4.00,0.00,0.00,0.00,0.00
crevice_Caged7_Thick_turf,0,0,0,0,0,0,0,0,0,0,0,0,0,0,0,0,0,0,0,0,0,0,0,0,0,0,4,0,0,0,24.00,0.00,8.00,0.00,8.00,0.00,72,0,0,24,4,0,0,0,0,0,0,0,0,0,52,0,4,12,0,8,0,0,0,20,0,0,12,0,0,4,0.00,0.00,4.00,0.00,0.00,8.00
crevice_Caged8_Sand,24,20,12,0,44,16,0,0,60,0,8,0,12,0,24,0,8,0,28,60,80,16,20,32,0,0,4,0,12,8,20.00,20.00,16.00,8.00,12.00,4.00,0,8,0,0,44,0,28,0,56,0,4,16,0,0,0,0,4,0,92,12,64,16,44,0,0,0,12,4,0,0,40.00,40.00,52.00,4.00,28.00,16.00
crevice_Caged9_NCCA,0,0,0,0,0,0,4,0,0,0,0,0,0,0,0,0,0,0,0,8,0,0,0,0,4,8,0,0,0,4,0.00,0.00,0.00,0.00,0.00,0.00,0,0,0,0,0,0,0,0,0,0,0,0,0,0,0,0,0,0,0,0,0,0,0,0,0,0,0,0,0,0,0.00,0.00,0.00,0.00,0.00,0.00
crevice_Caged10_Inverts,0,0,0,0,0,0,0,0,0,0,0,0,0,4,0,0,0,0,0,0,0,0,0,0,4,4,0,0,4,0,0.00,0.00,0.00,0.00,4.00,0.00,0,0,0,0,0,0,0,0,0,0,4,0,0,0,4,0,4,0,0,0,0,0,4,0,0,4,8,0,0,0,0.00,0.00,0.00,0.00,0.00,0.00
crevice_Caged11_Cyanobacteria,0,0,0,0,0,0,0,0,0,0,0,0,0,0,0,0,0,0,0,0,0,0,0,0,0,0,0,0,0,0,0,0,0,0,0,0,0,0,0,0,0,0,0,0,0,0,0,0,0,0,0,12,0,0,0,0,0,0,0,0,0,0,0,0,0,0,0,0,0,0,0,0
crevice_Caged12_Bare,0,0,0,0,0,0,0,0,0,0,0,0,0,0,0,0,0,0,0,0,0,0,0,0,0,0,0,0,0,0,0,0,0,0,0,0,0,0,0,0,4,0,0,0,0,0,0,0,0,0,0,0,0,0,0,0,0,0,0,0,0,0,0,0,0,0,0,0,0,0,0,0
crevice_Open1_CCA,4,48,16,44,32,52,8,56,56,56,52,52,8,12,4,16,28,12,12,8,4,16,20,8,20,28,88,20,24,44,40.00,16.00,4.00,4.00,0.00,0.00,0,0,28,20,0,12,48,56,60,92,32,32,32,12,0,8,16,0,36,8,0,20,28,24,48,28,24,12,20,0,12.00,12.00,12.00,4.00,12.00,0.00
crevice_Open2_EAM,4,4,0,0,0,8,0,40,0,0,4,4,0,16,32,24,8,12,20,12,12,0,8,20,16,16,4,0,4,8,0.00,0.00,0.00,0.00,0.00,0.00,4,60,0,60,64,4,0,8,12,8,0,4,12,16,8,8,8,0,8,28,4,0,16,0,0,12,8,0,20,0,24.00,28.00,8.00,28.00,12.00,4.00
crevice_Open3_Turf,68,40,60,36,64,40,92,0,28,40,40,44,88,68,12,52,64,72,8,4,32,24,4,60,40,52,8,64,68,48,4.00,36.00,48.00,44.00,28.00,28.00,88,0,32,4,36,0,36,32,24,0,68,40,56,64,84,64,72,88,0,8,0,4,8,72,48,60,20,52,44,96,60.00,44.00,80.00,36.00,32.00,64.00
crevice_Open4_Lobophora,0,0,0,0,0,0,0,0,0,0,0,0,0,0,0,0,0,0,8,0,0,0,0,0,20,4,0,8,4,0,16.00,48.00,44.00,36.00,64.00,64.00,0,0,0,0,0,0,0,0,0,0,0,0,0,0,0,0,0,0,0,0,0,0,4,0,4,0,8,0,0,0,4.00,8.00,0.00,24.00,44.00,32.00
crevice_Open5_Long_turf,0,0,0,0,0,0,0,0,0,0,0,0,0,4,0,0,0,0,0,0,0,0,0,0,0,0,0,0,0,0,0,0,0,0,0,0,0,0,0,0,0,0,0,0,0,0,0,0,0,0,0,0,0,12,0,0,0,0,0,0,0,0,0,0,0,0,0,0,0,0,0,0
crevice_Open6_Macroalgae,0,0,0,0,0,0,0,0,0,0,0,0,0,0,0,0,0,0,0,0,0,0,0,0,0,0,0,0,0,0,0.00,0.00,0.00,0.00,0.00,0.00,0,0,0,0,0,0,0,0,0,0,0,0,0,0,0,0,0,0,0,0,0,0,0,0,0,0,0,0,0,0,0.00,0.00,0.00,0.00,0.00,0.00
crevice_Open7_Thick_turf,0,0,0,0,0,0,0,0,0,0,0,0,0,0,0,0,0,0,0,0,0,0,0,0,0,0,0,0,0,0,0.00,0.00,0.00,0.00,0.00,0.00,0,0,0,0,0,0,0,0,0,0,0,0,0,0,0,0,0,0,0,0,0,0,0,0,0,0,0,0,0,0,0.00,0.00,0.00,0.00,0.00,0.00
crevice_Open8_Sand,20,8,24,16,4,0,0,0,16,4,4,0,4,0,52,4,0,4,52,72,52,60,68,12,0,0,0,0,0,0,40.00,0.00,4.00,16.00,8.00,8.00,8,36,0,0,0,20,16,0,4,0,0,24,0,8,0,20,4,0,56,56,96,76,44,4,0,0,36,12,4,4,0.00,8.00,0.00,8.00,0.00,0.00
crevice_Open9_NCCA,0,0,0,0,0,0,0,0,0,0,0,0,0,0,0,4,0,0,0,4,0,0,0,0,0,0,0,8,0,0,0.00,0.00,0.00,0.00,0.00,0.00,0,0,0,4,0,0,0,0,0,0,0,0,0,0,0,0,0,0,0,0,0,0,0,0,0,0,0,24,12,0,0.00,0.00,0.00,0.00,0.00,0.00
crevice_Open10_Inverts,0,0,0,0,0,0,0,0,0,0,0,0,0,0,0,0,0,0,0,0,0,0,0,0,4,0,0,0,0,0,0.00,0.00,0.00,0.00,0.00,0.00,0,0,0,0,0,4,0,0,0,0,0,0,0,0,8,0,0,0,0,0,0,0,0,0,0,0,4,0,0,0,0.00,0.00,0.00,0.00,0.00,0.00
crevice_Open11_Cyanobacteria,0,0,0,0,0,0,0,0,0,0,0,0,0,0,0,0,0,0,0,0,0,0,0,0,0,0,0,0,0,0,0,0,0,0,0,0,0,0,0,0,0,0,0,0,0,0,0,0,0,0,0,0,0,0,0,0,0,0,0,0,0,0,0,0,0,0,0,0,0,0,0,0
crevice_Open12_Bare,4,0,0,4,0,0,0,4,0,0,0,0,0,0,0,0,0,0,0,0,0,0,0,0,0,0,0,0,0,0,0,0,0,0,0,0,0,4,40,12,0,60,0,4,0,0,0,0,0,0,0,0,0,0,0,0,0,0,0,0,0,0,0,0,0,0,0,0,0,0,0,0
crevice_Partial1_CCA,4,52,12,20,16,16,92,12,32,28,48,40,12,8,8,0,20,20,0,20,4,8,4,8,16,36,28,20,16,28,0,0,0,0,0,0,0,0,4,4,4,8,44,0,0,12,8,8,0,0,12,4,0,0,8,4,0,8,12,0,32,8,0,0,12,0,0,0,0,0,0,0
crevice_Partial2_EAM,0,0,0,0,0,0,0,32,8,0,0,24,4,12,12,16,8,4,16,0,0,4,4,0,0,4,0,12,12,8,0,0,0,0,0,0,0,100,24,60,44,0,0,44,72,8,4,20,20,0,4,0,4,0,0,16,0,0,0,0,0,0,0,0,4,0,0,0,0,0,0,0
crevice_Partial3_Turf,76,40,68,32,76,64,8,52,20,32,52,36,68,72,44,84,68,76,16,0,32,60,44,72,68,48,52,60,64,36,0,0,0,0,0,0,92,0,60,36,0,40,40,56,28,80,84,68,48,100,80,68,96,96,4,32,40,0,36,72,48,88,72,68,64,88,0,0,0,0,0,0
crevice_Partial4_Lobophora,0,0,0,0,0,0,0,0,0,0,0,0,0,0,0,0,0,0,0,0,0,0,4,0,8,4,20,4,8,8,0,0,0,0,0,0,0,0,0,0,0,0,0,0,0,0,0,0,0,0,0,0,0,0,4,0,4,8,8,0,8,0,4,8,16,0,0,0,0,0,0,0
crevice_Partial5_Long_turf,0,0,0,0,0,0,0,0,0,0,0,0,0,0,0,0,0,0,0,0,0,0,0,0,0,0,0,0,0,0,0,0,0,0,0,0,0,0,0,0,0,0,0,0,0,0,0,0,0,0,0,0,0,4,0,0,0,0,0,0,0,0,0,0,0,0,0,0,0,0,0,0
crevice_Partial6_Macroalgae,0,0,0,0,0,0,0,0,0,0,0,0,0,0,0,0,0,0,0,0,0,0,0,4,0,0,0,0,0,0,0,0,0,0,0,0,0,0,0,0,0,0,0,0,0,0,0,0,0,0,0,4,0,0,0,0,0,0,0,0,0,0,0,8,0,0,0,0,0,0,0,0
crevice_Partial7_Thick_turf,0,0,0,0,0,0,0,0,0,0,0,0,0,0,0,0,0,0,0,0,0,0,0,0,0,0,0,0,0,0,0,0,0,0,0,0,0,0,0,0,0,0,0,0,0,0,4,0,0,0,0,0,0,0,0,0,0,0,0,0,0,0,0,0,0,0,0,0,0,0,0,0
crevice_Partial8_Sand,20,8,20,48,8,20,0,0,40,40,0,0,16,0,36,0,4,0,68,80,64,28,44,16,0,0,0,0,0,20,0,0,0,0,0,0,4,0,4,0,48,36,16,0,0,0,0,4,28,0,4,24,0,0,84,48,56,80,44,28,12,0,20,4,0,12,0,0,0,0,0,0
crevice_Partial9_NCCA,0,0,0,0,0,0,0,4,0,0,0,0,0,4,0,0,0,0,0,0,0,0,0,0,8,8,0,4,0,0,0,0,0,0,0,0,0,0,0,0,0,0,0,0,0,0,0,0,4,0,0,0,0,0,0,0,0,4,0,0,0,4,4,4,4,0,0,0,0,0,0,0
crevice_Partial10_Inverts,0,0,0,0,0,0,0,0,0,0,0,0,0,4,0,0,0,0,0,0,0,0,0,0,0,0,0,0,0,0,0,0,0,0,0,0,4,0,4,0,0,0,0,0,0,0,0,0,0,0,0,0,0,0,0,0,0,0,0,0,0,0,0,8,0,0,0,0,0,0,0,0
crevice_Partial11_Cyanobacteria,0,0,0,0,0,0,0,0,0,0,0,0,0,0,0,0,0,0,0,0,0,0,0,0,0,0,0,0,0,0,0,0,0,0,0,0,0,0,0,0,0,0,0,0,0,0,0,0,0,0,0,0,0,0,0,0,0,0,0,0,0,0,0,0,0,0,0,0,0,0,0,0
crevice_Partial12_Bare,0,0,0,0,0,0,0,0,0,0,0,0,0,0,0,0,0,0,0,0,0,0,0,0,0,0,0,0,0,0,0,0,0,0,0,0,0,0,4,0,4,16,0,0,0,0,0,0,0,0,0,0,0,0,0,0,0,0,0,0,0,0,0,0,0,0,0,0,0,0,0,0
