,T1AO_17,T1AO_20,T1AO_23,T1AO_22,T2AO_17,T2AO_20,T2AO_23,T2AO_22,T3AO_17,T3AO_20,T3AO_23,T3AO_22,T4AO_17,T4AO_20,T4AO_23,T4AO_22,T5AO_17,T5AO_20,T5AO_23,T5AO_22,T6AO_17,T6AO_20,T6AO_23,T6AO_22,T1NO_16,T1NO_18,T1NO_21,T1NO_10,T2NO_16,T2NO_18,T2NO_21,T2NO_10,T3NO_16,T3NO_18,T3NO_10,T4NO_16,T4NO_18,T4NO_21,T4NO_10,T5NO_16,T5NO_18,T5NO_21,T5NO_10,T6NO_16,T6NO_18,T6NO_21,T6NO_10,T1AC_17,T1AC_20,T1AC_23,T1AC_22,T2AC_17,T2AC_20,T2AC_23,T2AC_22,T3AC_17,T3AC_20,T3AC_23,T3AC_22,T4AC_17,T4AC_20,T4AC_23,T4AC_22,T5AC_17,T5AC_20,T5AC_23,T5AC_22,T6AC_17,T6AC_20,T6AC_23,T6AC_22,T1NC_16,T1NC_18,T1NC_21,T1NC_10,T2NC_16,T2NC_18,T2NC_21,T2NC_10,T3NC_16,T3NC_18,T3NC_21,T3NC_10,T4NC_16,T4NC_18,T4NC_21,T4NC_10,T5NC_16,T5NC_18,T5NC_21,T5NC_10,T6NC_16,T6NC_18,T6NC_21,T6NC_10
Bacteria_Acidobacteria_Holophagae_Acanthopleuribacterales,0.050677749,1.485597445,0.044742729,2.720345305,0.088028531,0.116954442,0.244270048,0.098005906,0.355664605,1.325773097,0.873101867,0.366466677,0.307918811,0.216838568,0.521895284,0,0.124474794,0.048877146,0.499146866,0.163355885,0.08362194,0.25335167,0.230347067,0.044807169,0.189297181,0.061284328,0.159574468,0.13627887,0.084403353,0.316318859,0.012535124,0.032204967,0.079515127,0.204744461,0.04957273,0.072265647,0.116007694,0.115208992,0.17809439,0.020955562,0.322398227,0.006251042,0.021403693,0.030870402,0.259357958,0.278511405,0.067930388,0.271581507,2.387080845,4.919992877,0.651025045,0.075471702,0.186373731,0.50701621,0.072050527,0.488088579,0.598153602,2.851068325,0.446501497,0.802933758,0.312401362,0.636439654,0.41997075,0.385876405,0.103111053,0.232054941,0.457433817,0.529394878,0.485609517,1.048977436,0.18699968,0.417010218,0.312022617,2.077860043,0.970790007,0.235136792,0.106512601,0.034866153,0.259638927,0.059853601,0.170328566,0.647324009,0.232475725,0.348681211,0.313125301,0,0.141365462,0.822255846,0.274000626,0.159098944,0.301154979,0.34132894,0.205040728,0.227421008,0.102743593
Bacteria_Acidobacteria_Thermoanaerobaculia_Thermoanaerobaculales,0.29913744,0.175697662,0.263087248,0.476926356,0.167748382,0.893000988,0.388493322,0.223453467,0.119614927,0.348382111,0.191579906,0.071347495,0.139883437,0.285166701,0.192671019,0,0.09355979,0.127171843,0.168080067,0.157191512,0.071583212,0.280700412,0.177784649,0.049607937,0.14856292,0.764084084,0.456219313,0.609668627,0.256849242,0.286488808,0.76673178,0.322049667,0.150328341,0.104162553,0,0.112976489,0.122766157,0.130663857,0.18665662,0.123065338,0.117505308,0.050008335,0.064211079,0.059992341,0.134256004,0.12805122,0.08895646,0.66477475,1.03629693,0.424839095,0.426357579,0.18103972,0.610366189,1.464382111,0.377115526,0.11323283,0.642028727,0.305047144,0.313095562,0.269164244,0.35092647,0.173433677,0.614525889,0.232071247,0.622660223,0.114459531,0.33324364,0.196665787,1.313076122,0.182627726,0.335574768,0.528599798,0.776065724,0.704561739,1.266341632,0.326202848,1.177317583,0.30604734,0.898646649,0.465496528,0.56343539,0.142014961,0.644978383,0.399733036,0.721948984,0.762553102,0.157429719,0.618963447,0.726762537,0.467195313,0.054605024,0.95305566,0.916332194,0.253518501,0.015806707
Bacteria_Bacteroidetes_Bacteroidia_Bacteroidales,2.031721031,0.225616152,0.250559284,0.050623468,0.156058581,0.129831014,0.092250923,0.084938452,0.083793688,0.114188845,0.078516355,0.123236582,0.102291539,0.200805369,0.044894218,0,0.079734451,0.117287721,0.197366746,0.234246174,0.057989627,0.052843102,0.021643349,0.100816131,0.387797278,0.200173649,0.597381342,0.728016067,0.142028444,0.067794608,0.086701278,0.159235669,0.105748487,0.064628359,0,0.405179091,0.094687771,0.207938181,0.309952736,0.041392339,0.014795595,0.062510418,0.122584788,0.17653301,0.134509179,0.129651861,0.279808501,0.679906798,0.464619701,0.101757867,0.196584033,0.25921519,0.046274812,0.187894242,0.118040226,0.250308644,0.040023679,0.166389351,0.160631636,0.240576833,0.104933864,0.080522779,0.187846342,0.136744179,0.150207852,0.330835084,0.153167884,0.086159682,0.208413559,0.084521923,0.101184758,0.141648316,0.17703118,0.353475042,0.09492169,0.015852679,0.044933382,0.453259985,0.037667824,0.082893738,0.047283476,0.137060951,0.068041676,0.507593854,0.092923097,0.031663105,0.292369478,0.122155938,0.157769605,0.106065963,0.287917397,0.168525718,0.131127743,0.460434337,0
Bacteria_Bacteroidetes_Bacteroidia_Chitinophagales,9.7436467,15.37365844,8.205816555,9.757007354,14.96676009,14.41763223,15.21100774,10.3860126,12.99093633,14.47615847,10.494496,13.88843846,7.956206187,9.695367191,11.39939019,6.44543338,9.506478304,8.269072494,10.49099753,11.58439797,9.361202139,10.66044518,13.43588158,13.42134742,8.085231475,10.28205218,13.99959083,10.68175298,17.29081368,14.1250686,13.98188675,15.35640163,12.21050235,9.061552436,10.82928096,7.397967661,6.285073688,7.73024236,7.950887047,8.050198326,10.8108774,6.851141857,7.240285642,8.385537987,12.57359658,11.9919968,11.42686162,10.15152264,13.78473432,9.051362283,13.89619342,13.85399402,5.521660019,10.57277919,12.30684327,9.760874958,9.645173232,10.67400893,12.3768037,7.986658921,7.446952935,9.764935427,7.454816246,7.437026131,7.708015204,10.44717614,5.75828452,10.09610417,8.183539589,14.17553392,7.806596222,9.524603533,9.043446914,9.090040602,8.16973724,8.685866588,10.48762555,12.33293302,8.373019076,10.59404724,10.14980348,13.95709827,9.537174853,7.539370416,6.389565242,3.992189768,4.78875502,7.472144003,7.296288719,13.93252184,9.90005626,7.665099294,4.536261435,12.35902694,4.090549848
Bacteria_Bacteroidetes_Bacteroidia_Cytophagales,9.067611199,8.771583299,6.414317673,6.413194074,10.2010639,8.669417397,8.724858375,7.01852965,9.290605816,8.928534506,6.932994143,7.624452732,11.93967557,9.516291878,10.5071176,12.92623265,7.072206516,6.315094668,8.234649961,6.632865355,7.240172344,8.764369916,8.246115792,8.847815651,8.240899516,8.761654534,7.463175123,7.766102424,7.610381615,8.263496034,8.399577984,7.07077936,7.694154201,8.235675724,10.1210991,8.943150769,9.416374431,8.27537759,9.147886842,7.109384138,9.868728518,6.755292549,6.868639698,8.055127338,7.985866359,6.709883954,6.348256453,7.02951267,5.435977194,5.438957999,9.137327989,8.982167069,6.760423656,6.504719724,9.058437577,10.49077103,6.759971158,7.869159866,7.536074054,12.08964845,7.69042398,8.372820465,6.11976546,9.360324974,5.412130233,6.695098623,8.256576905,9.491477395,10.00498129,7.379065731,9.361511367,8.410732632,9.865220341,8.734177215,9.513742072,5.801353374,7.393926577,8.730097238,6.804423279,6.122676107,7.940937098,7.498720214,8.709334467,8.716057423,8.03492963,6.625504631,7.012048193,8.107158568,6.526409052,5.644224456,7.340238938,8.83094486,6.884332862,4.643489608,6.643332957
Bacteria_Bacteroidetes_Bacteroidia_Flavobacteriales,12.29028834,7.695354462,11.8639821,8.755195566,11.14168969,10.24631408,9.947507926,13.26346601,8.40079453,5.331529126,5.588794146,7.356899627,14.5593443,8.374875155,6.996015638,10.2826324,18.74997744,13.05466732,12.68113174,10.97412504,14.11056771,10.72646878,9.362294195,10.11201792,10.72675152,10.76303471,10.16571195,9.844355186,9.367113795,9.793209551,9.113035485,9.053173978,8.895408826,9.556496307,14.01373873,9.168231193,11.39975848,11.98033017,7.990273306,12.82212543,11.9788295,13.09593266,16.68515167,11.96908372,13.92383962,15.12765106,12.04955684,11.15785381,6.274374574,8.278002493,7.687201614,10.0404022,8.592981725,10.24023621,12.66862889,8.293013296,8.078696204,10.4217838,8.088755785,7.143241859,9.698849732,6.585834185,7.375652431,9.251029705,9.871598894,13.18793314,10.18566431,7.950181633,7.567439033,9.264206475,8.996477746,7.664669188,9.360678848,9.558156198,9.623764939,11.13787236,8.997848126,9.859373184,9.499017946,9.906308642,10.30914356,9.737932857,7.491671982,9.434681185,7.883603555,3.32462598,7.681927711,9.535303871,8.677925179,14.81893025,11.17582818,13.03286654,7.899980935,11.13058067,6.582364232
Bacteria_Bacteroidetes_Bacteroidia_SM1A07,0,0,0,0,0,0.009329615,0,0,0,0.031334966,0,0.004864602,0.010302038,0.044882643,0,1.016769326,0,0.026392248,0,0.003082187,0.014800343,0.023377004,0.018551442,0.032005121,0,0,0,0,0.006556001,0.021701446,0,0,0,0.045224014,0,0.011378044,0.050689858,0.002809975,0,0.014979478,0.020446614,0,0,0.002871665,0.048929397,0.019207683,0,0,0,0,0,0,0.002461559,0,0,0.003451208,0.023961163,0.052822016,0.024503131,0.012564028,0.049702826,0.035615844,0.03086047,0.026345571,0.018602449,0.081532817,0,0.108231402,0.006017481,0.069428722,0.028178034,0,0,0,0,0,0,0,0,0,0.007621504,0.006605347,0.07796442,0.022005406,0.030068847,0,0.053012048,0.017232111,0.003330003,0,0.014892279,0,0.001426513,0.003728213,0.185164277
Bacteria_Bacteroidetes_Bacteroidia_Sphingobacteriales,0,0,0.005369128,0.119897687,0.030266819,0.196430893,0.11563848,0.010453963,0.037033049,0.091631509,0.020414252,0.113507378,0.008482245,0.1373615,0.022447109,1.142023518,0.013624529,0.521310543,0.359080144,0.089383409,0.114866734,0.080287328,0.42822911,0.294447112,0.009289076,0.116332081,0.042962357,0.052001148,0.090179359,0.074368793,0.040739155,0.073355758,0.08105394,0.043661264,0,0.96102352,0.513494909,0.213558131,0.089047195,0.176480529,0.348508423,0.141690282,0.101181095,0.039485398,0.31392005,0.331332533,0.198938992,0.039834559,0.183062215,0.0381592,0.030636473,0.048924175,0.065153485,0.055175293,0.096578366,0.049306022,0.04913706,0.027731559,0.111625374,0.011597565,0.16785716,0.108396048,0.069771498,0.012635725,0.091027249,0.084668695,0.262869207,0.038470477,0.03518694,0.084521923,0.134486071,0.05449499,0.015266654,0.107475519,0.140225223,0.095504303,0.057023345,0,0.099550677,0.126385387,0.085493503,0.003302674,0.107732653,0.093790829,0.092143066,0,0.208835341,0.127663374,0.079271788,0.032829941,0.289572095,0.087544168,0.055754371,0.046602666,0.07225923
Bacteria_Chloroflexi_Anaerolineae_SBR1031,0.091227634,0.220489002,0.048322148,0.317062773,0.170917922,0.485006784,0.231276961,0.148968978,0.302794701,0.754275551,0.139759112,0.345386736,0.185637601,0.283063875,0.009352962,0,0.044590889,0.121088863,0.002546668,0.126369647,0.049357756,0.236387781,0.021643349,0.028804609,0.267541653,0.173676633,0.198445172,0.243867451,0.190158619,0.182589111,0.259059239,0.094825735,0.150293876,0.336807704,0,0.27113735,0.143289948,0.12223393,0.133570793,0.097221811,0.116307416,0.010418403,0.046698967,0.550808639,0.109675806,0.028811525,0.035582584,0.051903673,0.747907232,0.717392963,0.495289642,0.132650876,0.66924139,0.702366573,0.294334069,0.293793868,1.016245751,0.633864195,0.441056357,0.149931128,0.640621297,0.224534671,0.190529861,0.09022147,0.528151721,0.081532817,0.082793451,0.175795866,0.502219629,0.324503811,0.080691643,0.464913179,0.444311965,0.305708144,0.558743582,0.396136795,0.614501657,0.185952814,0.571743751,0.534346521,1.297679311,0.388064138,0.619462754,0.258451634,0.524560433,0.617430539,0.136546185,0.241427353,0.201674071,0.310621749,0.038058047,0.207882579,0.252436616,0.095069438,0.147905611
Bacteria_Cyanobacteria_Melainabacteria_Vampirovibrionales,0,0.248767393,0,0,0.028223375,0.088810452,0.018190323,0.043122599,0.036313467,0.048620685,0.012562617,0.035673747,0.001850162,0.036170685,0,0,0.001709197,0.029739506,0.003820002,0,0.002592554,0.038255889,0.010821674,0.003200512,0.014410351,0,0,0.019724573,0.113984607,0.041766201,0,0.017891648,0.060033161,0.007687253,0,0.022784001,0.015624009,0.039339656,0,0.006584687,0.011088844,0.004167361,0,0.028716653,0.048467398,0.025610244,0.033965194,0.005989459,0.233292164,1.554351421,0.045954709,0.022686337,0.028243553,0.064122638,0.036791759,0.034796716,0.06847121,0.29448274,0.070786823,0.013301665,0.126567938,0.030970299,0.041594547,0.014426866,0.067936104,0.015679388,0.031047544,0.01550478,0.231167587,0.060372802,0.060198527,0.011543678,0.086473013,0,0,0.035519458,0.026547197,0,0.025560309,0.016903939,0.065338723,0.107336889,0.025515628,0.167511676,0.046231154,0,0.051405622,0.047098807,0.024603341,0.01010152,0.051295628,0.109701018,0.039435954,0.00559232,0.220164841
Bacteria_Cyanobacteria_Oxyphotobacteria_Eurycoccales,0.392186054,0.559990102,0.724832215,0.889907279,0.178009622,0.291866332,0.402785718,0.18817134,0.503030316,0.343640216,0.408285046,0.423220366,0.502952119,0.511740301,1.184085,0,0.462321095,0.609711759,0.744900298,0.306677557,0.675051366,0.296965648,0.57509469,0.37606017,0.804830142,0.606858122,1.552782324,0.916296084,0.216778386,0.301545594,0.486780667,0.212910613,0.315465395,0.449036757,0.025966668,0.419162772,0.837229029,1.230769231,0.333926981,0.403524151,0.866466927,0.500083347,0.544821279,0.112055022,0.254758297,0.465786315,0.323478036,0.916478857,1.067115188,1.694268488,1.156526845,0.157399608,1.382498241,0.718770038,0.154831984,0.1292934,0.501467954,0.421255579,0.313095562,0.254107325,0.398892954,0.583790145,0.460223537,0.151190794,0.649412433,0.27125341,0.536087595,0.207699403,0.236293912,0.30488265,0.377841819,2.388602389,0.982584633,4.492476714,3.179876602,0.843389904,0.794878086,0.273118196,1.505367665,0.6886439,0.310657104,0.521822415,0.504642427,0.416667926,0.279684852,0.105543682,0.427309237,0.561439922,0.434587722,0.502550634,0.567561307,0.401582226,0.277604797,0.47534719,0.3624252
Bacteria_Cyanobacteria_Oxyphotobacteria_Nostocales,2.600978479,6.176184836,1.635794183,8.75785996,2.131961831,1.516323476,0.619770282,1.818989624,6.026155554,4.953901656,1.973901164,5.104588941,11.10858425,6.778162111,7.654464169,12.82602929,3.667222138,3.425153884,3.693941478,4.295026892,5.181357634,5.306006047,6.537837211,5.471275404,2.707941104,8.032165649,4.124386252,2.657437957,1.834930624,1.867093219,3.355234981,1.536892579,3.958046974,3.837670892,1.254662197,4.310210336,4.403564774,7.848261328,5.310295226,7.811915805,7.253775565,7.830471745,3.309789271,5.365568815,3.733841326,4.409763906,2.055702918,1.246809243,2.860262803,3.772672925,2.907911869,1.379935503,0.988023322,0.981225488,1.428746627,2.345564309,2.568090856,2.098354594,2.393139123,12.29720892,5.577607126,13.60834959,11.31908385,7.854875248,1.815423676,4.859042303,4.5018939,8.396591933,7.769414567,9.800015093,7.421069484,2.03555375,3.020288549,4.033914497,3.822755318,1.106357723,1.273783454,2.91326076,1.618371136,1.235987472,2.227798317,2.637184801,1.357998441,4.552930408,5.474928972,8.279901844,1.259437751,9.83373489,7.947668311,3.886559927,8.817883973,3.013056038,2.790980707,3.476558859,2.823755222
Bacteria_Cyanobacteria_Oxyphotobacteria_Phormidesmiales,1.499365628,3.946937439,1.770022371,5.163593733,0.586965267,1.082711371,0.511927654,0.603716384,1.526679853,3.212898892,1.304941819,2.04961894,3.546420071,4.420227359,4.921528648,4.407473991,2.207396396,3.157606976,3.247001299,3.991431522,3.077737312,2.60432237,3.238772513,2.856457033,3.078109287,2.7704017,3.633387889,3.134414001,1.4039391,0.901943564,1.003854551,0.801545838,3.051504319,4.452836025,2.423162268,5.814299821,5.258084908,6.617492097,3.152613193,4.729200609,3.604340245,14.75037506,3.068511276,2.901745644,1.866158375,2.007202881,1.269651291,2.356167306,2.150592496,4.352692768,2.770047742,0.453748741,0.687265429,1.067716488,0.622393917,0.832376822,1.543742088,1.875181576,1.353117343,2.728727705,0.867884383,4.086531017,3.844141207,2.078873775,0.560625068,2.960268431,1.684846729,3.432228604,0.613710819,5.048675572,2.445084854,2.000640525,2.048648,3.520420349,5.184018639,1.299150672,0.729677752,1.078913726,1.483843194,0.956900558,0.877746476,1.225291874,1.082996669,1.663895308,0.767382034,2.525132589,2.798393574,2.685017311,2.43376867,2.734986615,2.053479829,1.619515481,1.079908668,0.984248299,1.199051598
Bacteria_Cyanobacteria_Oxyphotobacteria_Synechococcales,3.451638482,0.97519962,8.569127517,7.660130022,5.461228094,3.500404119,4.541084143,6.742806366,1.304336975,0.745227983,1.135346493,4.18517918,0.927531566,0.808005255,0.527507061,0,1.446950793,0.865249469,1.036493748,2.56900245,1.505321774,0.991737965,1.134729845,1.830692911,6.123052442,5.628852679,3.590425532,4.473891838,4.617080487,4.557919599,3.233017518,4.242109783,1.315031584,1.173778939,0.865162174,0.712535412,0.583793595,0.977871444,0.904171519,1.513705114,0.896490393,2.327471245,0.850310354,0.775991056,1.530448614,1.072428972,2.25787669,4.76218091,3.20339816,8.629067135,4.955449463,4.551674732,0.433683551,2.438151479,5.17077508,1.383021207,0.625207877,2.479993661,1.911244215,0.342413603,0.297597753,0.337576264,0.601108293,0.932793874,1.478762537,1.897205933,2.264400886,1.415023878,0.630953108,0.926722512,1.050272174,3.760828242,3.509090926,2.983042751,1.315959788,0.833536352,3.235660571,5.812962461,2.50491027,1.126957963,0.817087979,2.026190201,0.578354242,0.598911215,0.512896109,2.675532336,0.798393574,1.205033027,1.733771839,1.633920905,1.327067545,0.921150174,0.794856598,1.224718054,0.068872079
Bacteria_Cyanobacteria_Oxyphotobacteria_unclassified,0.15061886,0.666361986,0.254138702,0.879249707,0.051641322,0.105031805,0.025986175,0.048349581,0.088539945,0.435962852,0.007851635,0.111885844,0.332872708,0.373392661,0.226341682,0,0.10205442,0.39103956,0.094226704,0.200342123,0.097220513,0.425829017,0.210249671,0.097615618,0.522487117,0.155658477,0.718085106,0.781810357,0.35964302,0.055604868,0.049095904,0,0.35338701,0.233276279,0.062556064,1.364086699,0.44005604,0.349841939,0.388725255,0.359326837,0.182207178,0.2042007,0.20819956,0.111424679,0.168672164,0.1232493,0.09380863,0.452605537,0.831213295,0.577475896,0.847609079,0.131126525,0.230471863,0.10438569,0.191623743,1.005262162,0.287515013,0.266751182,0.057173972,0.95497822,0.053935164,0.371643594,0.673563311,0.481053136,0.083543087,0.24616639,1.283298491,0.41125214,0.071824355,0.215832767,0.359910343,0.530570432,0.388830552,1.461667065,1.408724166,0.345088675,0.21105195,0.490063146,0.46008556,0.118805899,0.232024159,0.277424575,0.14742363,0.537923425,0.060187387,1.794242592,0.364658635,1.234424484,1.114512724,0.300520228,0.870370983,0.348772842,0.242216555,0.687855345,0.067743028
Bacteria_Epsilonbacteraeota_Campylobacteria_Campylobacterales,0.075843191,0.182324933,0.062639821,0.005328786,0.027260585,0.015031047,0.027285484,0.023521418,0.003178518,0.005207791,0,0.022701476,0.013941624,0.023826885,0,0,0.00824477,0.012385031,0.024193343,0.035445145,0.01431365,0.199122216,0.009275721,0.003200512,0.092596943,0.017326589,0.026595745,0.127313154,0.094406899,0.015682948,0.011490531,0.014313319,0.011021308,0.039643082,0.101506067,0.073517824,0.039260268,0.015454865,0.080484965,0,0.05568254,0.03542257,0.019457903,0.244572161,0.573750175,0.009603842,0.140712946,0.814582039,2.059339956,0.071230507,0,0.046872625,0.225210078,0.049210397,0.00459897,0.02267835,0.169113944,0.044898714,0.049006262,0.025573606,0.007334773,0.017033665,0.037569268,0.144778922,0.022371509,0.059581674,0.043466562,0.162588232,0.003760925,0.021130481,0.126801153,0.015872558,0.020137945,0.076427036,0.025887734,0.378715274,0.344869409,0.036803161,0.34573681,0.683799579,0.750000649,0.011559357,0.08079949,0.04791907,0.018720749,0,0.062650602,0.107981408,0.026640027,0.025253801,0.028129861,0.133689571,0,0.078292478,0.090324037
Bacteria_Firmicutes_Bacilli_Bacillales,0.175668764,0.078968265,0.019686801,0.023979537,0.012654013,0.019120277,0,0,0,0,0,0,0,0.003301129,0,3.678052518,0,0,0,0,0.002592554,0,0,0,0.009289076,0.008072328,0.018412439,0.012552001,0.008839315,0,0,0,0.002858722,0,0.322222747,0,0,0.008429926,0.053085828,0.002469258,0,0.010418403,0,0.029987505,0,0,0,0.021945943,0.029850606,0.03052736,0,0,0,0,0.00613196,0,0,0,0,0,0.001187352,0,0,0.004031478,0.004551661,0,0.004139673,0.00484825,0.09632748,0.0075466,0,0.014525726,0.22293466,0,0.017258489,0,0,0,0,0,0.002688028,0,0,0.006831268,0.004680187,6.229715824,0,0,0.011690665,0,0,0.004184392,0.034856842,0,0.31387603
Bacteria_Fusobacteria_Fusobacteriia_Fusobacteriales,1.121367496,0.198089379,0.279194631,0,0.215007449,0.072563675,0.207889403,0.333220082,0.096010014,0.042304663,0.131907476,0.183233339,0.074550781,0.116407105,0.029929479,0,0.087530859,0.04464784,0.103140041,0.06164373,0.038997516,0.043397964,0.015459535,0.07681229,0.19175465,0.042117773,0.231178396,0.545115478,0.184325939,0.114687759,0.19742821,0.556430258,0.177180198,0.07970919,0.185307587,0.15368653,0.11096968,0.066034422,0.118158778,0.036898496,0.015541971,0.114602434,0.054482128,0.02619528,0.114924115,0.025610244,0.200556382,1.177784739,0.211945169,0.132285227,0.091909418,0.702312142,0.071168553,0.329560536,0.444567084,0.171943689,0.067344883,0.125452289,0.127960795,0.069371399,0.047647303,0.074328719,0.114049565,0.083871665,0.14482561,0.195992348,0.215262973,0.135567578,0.177466179,0.025658441,0.073006724,0.240778931,0.169200727,0.224504418,0.079820512,0.174087302,0.154531087,0.718630148,0.104931794,0.088809989,0.125020412,0.143666298,0.100644978,0.165932612,0.101754918,0,0.049799197,0.173395293,0.108722471,0.159098944,0.09266307,0.138159992,0.284168486,0.007456427,0.130969854
Bacteria_Kiritimatiellaeota_Kiritimatiellae_WCHB1-41,0.022806908,0,0.023266219,0.007993179,0.013589821,0.010405391,0.01039447,0,0.006342137,0.011288426,0.007851635,0.019458408,0.020573708,0.064064925,0.005611777,0,0.003770967,0.006192515,0.01655334,0,0.008880206,0.01425954,0,0.004800768,0.030982144,0.01465258,0.004091653,0.007172572,0.021634805,0.023182444,0.014624312,0.008945824,0.021434358,0.012734287,0,0.024736438,0.064483594,0.022479803,0.029111583,0.002246922,0.00886228,0,0,0.005025414,0.039984171,0,0.042052145,0.016103333,0.01310729,0.010175787,0.017871276,0.077914583,0.026887392,0.068596311,0.013796909,0.013781112,0.167868783,0.047539815,0,0.028066497,0.481299049,0.147108923,0.124783641,0.007616581,0.373281261,0.036062592,0.080723615,0.005063086,0.288754321,0.037733001,0.023054755,0.082968639,0.020681928,0.007165035,0.012943867,0.047562018,0.03994681,0.034866153,0.107622353,0.003194276,0.031052806,0,0.032603303,0.191294201,1.187275241,0,0.125301205,0.112561362,0.408765635,0,0.06453321,0.057850304,0.121821534,0.013048746,0
Bacteria_Lentisphaerae_Lentisphaeria_Lentisphaerales,0.779622238,0.171514767,0.572706935,0.133219653,0.372433532,0.302416632,0.354711294,0.432532734,0.073637328,0.10766671,0.075375701,0.068104427,0.175942932,0.262429881,0.274977085,0,0.125135504,0.194707023,0.362900145,0.231163988,0.029744807,0.051476578,0.058746232,0.121619459,0.62580511,0.287280192,0.687397709,0.600702912,0.398300854,0.228264143,0.222498459,0.347097975,0.10465772,0.112571343,0.637363675,0.204252867,0.34846584,0.279592554,0.181519282,0.086478998,0.130130877,0.06876146,0.165392174,0.095673266,0.140197313,0.113645458,0.384938863,1.872004387,0.172183457,0.376504108,0.423804539,0.612042476,0.098476291,0.313157071,0.334191808,0.104976023,0.073620054,0.110926234,0.25047645,0.207398036,0.074828737,0.243116851,0.307262945,0.1042997,0.191172805,0.373169431,0.107631486,0.103755749,0.042470492,0.083012603,0.137047711,0.238374687,0.553446898,0.460950561,0.062562023,0.023480879,0.23544565,0.606283656,0.104931794,0.179547611,0.069387044,0.115593573,0.070876745,0.295195667,0.288599493,0.007915776,0.252208835,0.186659914,0.372953841,0.060609122,0.198563722,0.164475699,0.219352225,0.132351571,0.040645817
Bacteria_Patescibacteria_Gracilibacteria_Absconditabacteriales (SR1),0,0.031324395,0,0.159863583,0.043838179,0.093089592,0.011693779,0.065337271,0.023560215,0.020919384,0.006281308,0.00810767,0.030541693,0.128899514,0.140294431,3.174088592,0.078022946,0.069714135,0.076400031,0.027739679,0.049983582,0.06338292,0.010821674,0.041606657,0.004790343,0.00672694,0,0.005379429,0.071833602,0.026984089,0.102370183,0.037572461,0.139260456,0.008177372,0,0.23528447,0.016253154,0.022479803,0.003424892,0.019457614,0,0.022920487,0.019457903,0.066048301,0.01265323,0.009603842,0.016173902,0,0.025921352,0.020351573,0.035742552,0.026667126,0.163222878,0.014912241,0.050588668,0.031345508,0.101029666,0,0.038115981,0.019431583,0.041921201,0,0.004025279,0,0.007610093,0,0.028977708,0.003463036,0,0.00301864,0.024335575,0,0.021816107,0,0.008629245,0.108319341,0.016502269,0.029055127,0.057847015,0.079126219,0.005829486,0.013210694,0,0.032833437,0.014040562,0,0,0,0,0,0.006618791,0.00557919,0.006419309,0,0
Bacteria_Planctomycetes_BD7-11_unclassified,0.127860177,0.047613081,0.098434004,0.042630289,0.064367757,0.104031409,0.050673042,0.04573609,0.023161245,0.047757599,0.026695561,0.032430679,0.029642305,0.076314236,0.089788436,0.016209366,0.00905032,0.059266593,0.10950671,0.033904052,0.016538689,0.125199477,0.08038958,0.022403585,0.07138989,0.060873583,0.014320786,0.041242289,0.030575941,0.041390681,0.018802687,0.005367494,0.046141019,0.073136362,0,0.081373825,0.093925244,0.063224447,0.107884102,0.012954892,0.037681966,0.020836806,0.046698967,0.030557772,0.093655527,0.049619848,0.053373876,0.091117296,0.136263033,0.08395024,0.114886773,0.023917267,0.285046499,0.068596311,0.450699043,0.088996098,0.248907567,0.059424768,0.108902804,0.128160117,0.11556897,0.235374276,0.2589596,0.080370195,0.072757638,0.097212205,0.113840995,0.090859149,0.264808797,0.190174326,0.079410823,0.250399008,0.300650993,0.150465727,0.297708936,0.184252927,0.337531542,0.594661605,0.180267442,0.124022729,0.073742879,0.041283419,0.174356794,0.285984112,0.33627476,3.163671865,0.260240964,0.091667992,0.179874552,0.025253801,0.087698977,0.089544031,0.126181312,0.089477118,0.032742464
Bacteria_Planctomycetes_Phycisphaerae_Phycisphaerales,1.267396583,0.566903212,2.160178971,1.622615368,1.554472508,1.330817421,1.105711761,1.223113713,0.811764868,0.879247497,0.992446727,0.929138965,0.924254087,1.190102123,1.144802559,0.200406708,0.647999797,0.557303984,0.780553646,0.990922961,0.917747605,0.95729206,1.165648914,0.920147224,1.228658818,0.759955745,1.090425532,1.194233252,1.343634456,1.202952487,1.497947373,1.060974737,0.605410954,1.231495034,0.218356074,1.179181938,1.432848548,1.357218124,0.698677992,0.558123933,0.560990347,0.460493416,0.575953924,0.510419092,0.798801008,0.848339336,0.844277674,1.125348092,1.14306123,1.312676486,0.942071536,1.24147793,0.677202547,1.333154386,1.779801325,1.094965121,0.763817392,1.175289861,0.729648788,1.353585341,0.834044834,1.065378302,1.612795019,0.797919832,1.012786808,1.328044153,0.693395152,0.80314719,0.762212622,0.813523508,0.659622158,0.635615013,0.843717448,1.058036781,0.470293826,0.6363564,1.231069279,1.760740712,1.066806576,0.696499827,1.018561004,1.132817015,1.000779644,0.802482264,1.297678255,0.145122563,0.830522088,0.688162291,0.606739804,1.843527451,0.458351259,0.651560968,0.399787403,1.122192189,1.307440443
Bacteria_Planctomycetes_Planctomycetacia_Pirellulales,1.337592023,2.046249076,1.279642058,0.788660343,0.633373722,0.558936947,0.571695858,0.589342184,0.450684643,0.500315044,0.621849531,0.507540133,1.130425676,1.052251867,1.487120971,1.435265686,0.633665509,1.071424664,1.086153768,0.670375564,1.167972635,0.631243818,1.255314215,1.144183069,0.878034193,0.826797634,0.730360065,0.613254913,0.59645155,0.651279272,0.561991413,0.656623488,0.727162316,0.673709786,0.404843964,0.876713097,1.334319041,1.393747805,0.998356052,0.693048191,1.153748191,0.931405234,0.494230732,0.760196896,0.56568736,0.581032413,0.706799508,0.873071497,0.538425178,0.702129283,0.612729454,0.515607013,0.532010431,0.456314589,0.637723817,0.466551143,0.577313106,0.511053007,0.209637898,1.012113992,0.845324689,1.150546626,1.263937528,0.4219473,0.840081516,0.47822133,0.614741374,0.707518034,0.98440992,0.857293789,0.347102145,0.789241651,0.854130639,0.327203248,0.875868318,0.507377809,0.449742247,0.495874172,0.984744531,0.523939246,0.603777508,0.211371105,0.405414983,1.516094917,1.155027418,0.292883717,0.942971888,1.084500852,0.940334359,0.772766301,0.670152563,0.501326745,1.050350441,0.872401901,0.613074404
Bacteria_Planctomycetes_vadinHA49_unclassified,0.455540888,0.215430497,0.166442953,0.154534797,0.254561355,0.199308779,0.219583182,0.301858192,0.142021272,0.100879914,0.039258177,0.131344252,0.371497133,0.677542353,0.490095213,1.044767322,0.104625138,0.126959424,0.063666692,0.138698393,0.021217151,0.087670941,0.064930046,0.140822532,0.263359712,0.195546519,0.227086743,0.412422895,0.301735517,0.198421854,0.127440432,0.234380591,0.114381471,0.082079049,0.007081819,0.29083957,0.481613242,0.181243414,0.400712378,0.056157335,0.175013151,0.012502084,0.091452143,0.212231266,0.169728295,0.144057623,0.121304263,0.327980817,0.169808311,0.211147574,0.365084633,0.317353562,0.108607403,0.152104863,0.286669119,0.113199624,0.416006528,0.298444392,0.296760142,0.627284932,1.815449034,2.620087336,1.683908277,0.327613541,1.255323216,0.62090376,1.136340115,0.199068107,1.259040839,0.29431741,0.211335255,0.336878402,0.324026825,0.19106759,0.066876645,0.112537596,0.109919942,0.379653663,0.293270912,0.172358698,0.642855815,0.191555064,0.106315118,1.536523943,3.106567584,1.80479696,1.02811245,0.456107786,0.602068945,0.040406081,0.691663633,0.325423143,0.686021667,0.31503402,0.101614542
Bacteria_Proteobacteria_Alphaproteobacteria_Caulobacterales,0.92710218,1.137010324,0.970022371,1.10039433,2.699241024,2.324595364,3.929109714,2.846091524,4.186276852,3.911525503,5.285721016,3.536565591,2.896704478,2.409758118,3.720608317,4.6771389,2.838802754,2.702889035,4.614561846,3.140748047,2.922592019,2.577949859,4.305480405,3.336533845,1.264035867,1.891305813,1.352291326,1.144025247,2.485129858,4.270052129,2.709676071,2.902025335,3.087730655,3.937627131,1.576884944,2.902255993,3.138907998,2.632946962,1.522364546,2.291901282,5.657122625,1.625270878,1.414589536,1.614655721,4.328975607,3.780712285,2.029824675,1.206634773,1.435350859,1.35592358,1.378641272,2.19604355,2.741337379,3.602797536,1.850318862,4.799102807,3.589033627,3.906188099,4.416008712,4.180954435,2.324063533,3.233299266,3.016275544,5.230532349,1.891860315,4.300856095,1.885620847,5.055977926,1.151459088,2.623198249,4.129362792,1.098897107,0.933824055,0.986386434,1.963153126,2.122919126,2.384908565,1.166079107,2.257378858,3.254520635,3.037924426,3.091302409,3.309944007,1.312251684,1.478175668,2.69400248,2.97188755,2.722067926,1.172005496,8.33122885,3.01154979,2.557241297,0.714002754,3.644328456,5.27605284
Bacteria_Proteobacteria_Alphaproteobacteria_Kordiimonadales,0.057213837,0.094493473,0.075167785,0,0.050651551,0.058650479,0.009095161,0.173797141,0.115672129,0.123216499,0.065953738,0.131344252,0.01993597,0,0,1.915652353,0.012067093,0.009301633,0.044566684,0.060102637,0.01641951,0.057054334,0.112854603,0.036805889,0.087376256,0.258779755,0,0.057380577,0.044151427,0.02622376,0.016713499,0.087669076,0.082167059,0.019674704,0.17114395,0.057543419,0.031662713,0.084299262,0.059935612,0.057573317,0.010831676,0.010418403,0.035024225,0.189455503,0.029322158,0.075230092,0.061460827,0.040558363,0.057707262,0.269658348,0.107227655,0.088533533,0.428665309,0.155087311,0.202354673,0.100488267,0.580874646,0.515014658,0.171521917,0.042563452,0.104774277,0.201306947,0.309946464,0.063253796,0.232890389,0.050174041,0.645788918,0.096653963,0.112160655,0.5946721,3.500480307,0.345539259,0.17794922,0.148077382,0.40125987,0.541160189,0.442894035,0.054236238,0.383404633,0.21228471,0.44406116,0.031375398,0.948330853,0.235123326,0.049334714,0.641177867,0.302008032,0.089076177,0.063317601,0.022728421,0.362378793,0.296536294,0.069886653,0.106254078,2.901659704
Bacteria_Proteobacteria_Alphaproteobacteria_Micavibrionales,0.086497105,0.495946254,0.148545861,0.325055952,0.607842752,0.526436976,0.688633647,0.866372213,1.043448498,0.736126348,1.086666353,0.719961083,0.55529161,0.365700338,0.368506706,0,0.601846858,0.505610628,0.532253546,0.641094793,0.747046449,0.798123582,0.627657108,0.46087374,0.25827776,0.361373004,0.165711948,0.265385167,0.409344235,0.455913921,1.0289248,0.756816718,0.724923964,0.60863794,0.974930362,0.204335808,0.392240295,0.501580611,0.897321734,0.433401141,0.486579702,0.285464244,0.268519059,0.612261307,0.686860476,0.769907963,0.667982144,0.39777534,0.27446137,0.236587041,0.109780694,0.644866657,0.642685445,0.926050195,0.351054697,1.139444194,1.264915649,0.842511159,0.310372992,0.89203156,0.417060716,0.340673294,0.214681533,1.444098107,0.572903746,0.409232024,0.587833502,0.769902049,0.403171212,0.543355218,0.727505604,0.195422343,0.272672954,0.315261524,0.196315313,0.507934275,0.784314699,0.195637857,0.855597708,0.93628072,1.317197356,1.188962465,0.859026154,0.161505014,0.466395406,2.192669991,0.298795181,0.611063614,0.166394991,0.303045608,0.325975444,0.525803276,0.177961963,0.46975487,0.783561025
Bacteria_Proteobacteria_Alphaproteobacteria_Parvibaculales,0.028080869,0.132340914,0.035794183,0.037301503,0.063656314,0.169498247,0.101346084,0.027441654,0.223184406,0.244584453,0.251252336,0.287011513,0.234608508,0.135265548,0.119717915,0,0.117135979,0.175331244,0.047113352,0.360615821,0.318014455,0.116832844,0.064930046,0.312049928,0.063639715,0.207085023,0.018412439,0.030483431,0.237406976,0.494901243,0.091924246,0.14492235,0.216709556,0.340572022,0.069637883,0.263906636,0.22631012,0.188268353,0.143845469,0.263536715,0.529548725,0.127104517,0.143988481,0.325942094,0.397297949,0.235294118,0.142330336,0.119596108,0.173063141,0.267114401,0.058719906,0.074914681,0.063180006,0.126754052,0.078182487,0.539783162,0.115523816,0.253545678,0.549959161,0.615193398,0.18745485,0.250859426,0.658803956,0.661016852,0.087312147,1.037975477,0.28356757,0.599436692,0.254170415,1.17274168,0.580211335,0.113127635,0.104008024,0.105087175,0.081977823,0.102544188,0.055247891,0.060047263,0.021524471,0.101612327,0.083847401,0.682002081,0.051031257,0.126009406,0.097796033,0.166231299,0.25060241,0.270211083,0.149544723,0,0.479862329,0.21168861,0.216585683,0.164041383,0.799367732
Bacteria_Proteobacteria_Alphaproteobacteria_Rhizobiales,0.819073757,0.83823603,0.492170022,0.652776298,1.231797326,1.46115099,1.590353932,1.119880825,2.695448601,2.15955792,1.765047659,2.180963191,3.304228236,2.071695172,2.710488412,3.953611741,2.870649687,3.0958785,2.947767846,2.168318205,4.500704837,2.602261358,4.322485893,3.04368699,0.584800894,1.18825026,0.640343699,0.559460623,0.880213539,2.149244455,0.96415999,1.239891219,1.453096004,2.051872664,0.893489448,1.441826023,1.661756318,2.963119073,2.339201315,2.274801974,4.060203495,4.021503584,2.899227521,2.758208367,2.744534093,4.049619848,3.778223459,0.682418119,0.80494007,0.656338243,0.635706809,0.720971599,1.904079233,1.471838232,0.855408389,2.365080826,2.257332265,1.592583789,1.113531173,2.674346063,1.35095806,1.337916938,1.176723155,2.980937131,1.374368112,1.624384584,1.639310331,2.42851007,2.103660266,1.965134707,2.205571566,0.528597733,0.965899798,0.945784571,1.065711697,1.220392498,1.404898804,1.080850734,1.541690209,1.527834574,1.907935088,1.781792361,1.720887377,1.240966895,1.164297443,3.298240059,1.085943775,2.291309076,2.0140284,0.893984545,1.085481682,1.975553793,1.35724416,1.836145027,2.60133228
Bacteria_Proteobacteria_Alphaproteobacteria_Rhodobacterales,4.760972412,5.687723373,4.792841163,10.32718747,9.537593759,11.02681612,11.37804688,10.16647937,12.81917939,15.06496903,10.42069063,11.87773634,9.124252003,8.751170507,11.63882602,3.878459226,8.757592031,9.584156053,10.32164413,10.49946832,13.11211157,9.351653282,12.44337945,12.01152184,5.987466581,5.866852306,7.753682488,6.656146894,9.684558746,10.65695754,14.60968756,13.03943319,12.36501231,12.78268478,8.004815637,11.51399432,9.0169149,11.23709168,9.418453319,11.47126709,12.75181413,7.06576096,10.02665733,10.06912684,10.67783142,12.91236495,9.495697742,6.796133256,8.090569906,6.405657737,5.969006102,8.471347299,14.46143415,13.96531413,6.561196959,14.6000544,16.97779943,13.40358661,14.86795535,10.68412514,12.9352659,10.79934343,8.305491822,11.4354625,11.36941046,9.462510584,7.645975203,9.235301301,6.061024234,8.064297034,13.07460775,5.844973342,6.237939631,8.406973967,8.404884152,12.26991999,13.29214922,4.4977337,13.26714559,14.71172813,12.39668079,15.73063395,16.34701255,7.517506341,7.358321841,5.448692578,8.660240964,11.550186,8.052331382,7.674630032,10.97395506,10.30476242,4.753344645,11.01127785,20.1320989
Bacteria_Proteobacteria_Alphaproteobacteria_Rhodospirillales,0.321241073,0.696780823,0.234451902,0.354364276,0.240135128,0.41578058,0.366405073,0.294017719,0.339689793,0.590485043,0.222986448,0.356737474,0.115343127,0.136743882,0.06172955,0,0.037254381,0.062298549,0.076400031,0.041609518,0.201821783,0.453672922,0.284455438,0.881741079,1.242984788,0.334779517,0.210720131,0.281523454,0.290872727,0.301799184,0.31024433,0.225434767,0.216158116,0.613827967,0.472121241,0.081710398,0.118562385,0.073059361,0.217480649,0.083994032,1.0203236,0.004167361,0.126476368,0.404928139,3.242672614,0.318527411,0.218347674,0.298654461,1.46147747,0.898013178,0.735275345,0.22734448,3.410105893,0.782892677,0.751165072,1.567562422,4.938656316,1.737844334,0.427443507,0.384305412,2.774108507,0.190467342,0.340806934,0.935864892,1.690552754,0.144250368,0.637509573,2.981709483,0.976602301,0.821070108,2.920268972,1.816525671,0.61111771,0.406018629,1.557578634,6.287587643,5.124121643,0.300236315,4.569914171,7.529276491,5.63278854,0.500355037,5.843078886,0.988566349,2.766227027,0,0.313253012,0.972383632,0.991686169,0.406586191,0.385544561,1.309095212,0.318735606,0.415695778,7.668510782
Bacteria_Proteobacteria_Alphaproteobacteria_Rhodovibrionales,0.123921535,0.227139154,0.255928412,0.173185548,0.252583236,0.639800357,0.232576269,0.18555785,0.928336483,0.599218761,0.238689719,0.235122426,0.682179662,0.491673243,0.209506351,0,0.163239869,0.284804263,0.103140041,0.248116013,0.134236336,0.113293135,0.044832651,0.286445831,0.263748524,0.17549562,0.17594108,0.650910917,0.755559218,0.144004733,0.220409272,0.178916482,0.403649843,0.120147723,0,1.344281592,0.430160857,0.487530734,0.272278923,0.363934061,0.2094336,0.062510418,0.182904287,0.087218168,0.174504438,0.100840336,0.158504238,0.24440122,0.484471234,0.152636801,0.237432664,0.187773079,0.549207226,0.299736053,0.318861908,0.390532057,0.553163639,0.927026385,0.490062619,0.417077709,0.756260479,1.457152591,1.03181312,0.388736024,0.990082461,0.421775534,0.850702709,0.320682858,1.246767259,0.406007094,0.3701569,0.494688694,0.39242903,0.317649869,0.403417181,0.283102965,0.46801997,0.220818967,0.62151909,0.273543173,0.352699588,1.162541077,0.579771777,0.551115723,0.470059142,0.018470144,0.846586345,0.86029751,0.816845844,0.219708066,0.673461959,0.608338753,1.608429874,0.14912853,0.543073275
Bacteria_Proteobacteria_Alphaproteobacteria_Sphingomonadales,0.720714715,0.738560899,0.921700224,0.668762656,1.257041449,0.798290749,1.207057845,1.26100933,1.515784041,0.85656739,1.917369388,1.238851954,1.555509816,1.654544305,2.143698909,0.191565235,1.820162234,2.322947577,2.328927598,1.377737367,2.139985377,1.568970427,2.235448713,2.033925428,0.970219349,0.792433704,1.143617021,0.889398938,0.894332235,1.828990224,1.809236298,1.289987834,1.067084749,2.798175618,0.446154572,1.930479716,2.188935833,2.048472076,1.22953627,2.044201974,2.521972041,1.996166028,1.114937832,2.10979985,2.115239626,2.514605842,1.402277285,1.021291032,0.55197231,0.409575415,0.400827185,1.085162236,0.635253704,1.598592284,0.430770174,1.513396217,1.291654168,1.403745081,0.884835285,1.171188843,1.51267416,1.145901081,0.630627004,1.291462992,1.192655381,1.041111355,0.763769586,1.07400018,0.469063162,0.756169346,1.869996798,0.441349311,0.415519405,0.465727251,0.960003452,0.584640339,0.760568623,0.364157595,0.842144913,1.026431907,0.790532095,0.890070512,1.289956765,0.503715993,0.55343966,0,1.195180723,1.014640874,0.688974962,0.909136825,1.389946057,1.224114713,0.37887474,1.437226209,4.758947725
Bacteria_Proteobacteria_Alphaproteobacteria_unclassified,0.573579678,0.625242001,0.6049217,0.852605776,1.464742773,2.093684744,2.030819604,1.098972898,1.871102097,1.660110842,1.306512146,1.657207719,0.779948427,0.935561294,1.311285284,5.108897468,1.099287848,0.668128677,0.939720376,1.152737752,0.967139741,1.953484402,0.983226405,0.971355417,0.614229997,0.723969733,0.832651391,0.658083489,1.624775004,1.316729682,2.019199632,1.259572032,1.371178567,1.579810859,1.205089467,0.707833759,0.724424572,1.756234633,0.724364683,0.542228121,1.302619735,1.262710452,0.393049637,0.72175013,1.126751962,1.195678271,1.098207932,0.627235341,0.433830765,0.435014882,0.985473206,1.213204811,2.897305318,2.126485632,1.601974491,2.522906589,2.075263815,2.219845231,2.861421182,3.142732648,1.271679941,2.530273468,1.262595768,3.981599079,1.604601774,2.670199755,1.602053278,2.046628318,1.528638015,2.872236058,1.931476145,0.563036511,0.625127924,0.6759016,0.506968115,4.662558652,2.281887916,1.915701391,1.382947238,1.809416344,2.29070948,3.061578348,1.926429938,0.775152517,0.960225926,0.691311116,0.812851406,1.440074133,1.843081395,3.027930704,1.264189033,1.301616743,1.484301848,0.961879019,2.448910466
Bacteria_Proteobacteria_Deltaproteobacteria_Bdellovibrionales,1.045094705,0.715162513,1.850559284,1.180326122,1.482730468,1.763804562,1.652720753,1.236181167,0.7116741,0.679007729,0.923352334,0.841576131,0.811602087,1.117069269,1.049402346,1.019716483,0.9803215,1.162947415,1.014847073,0.997087334,0.836559134,0.871623164,0.482337482,0.99855977,1.33367831,0.918103797,1.029050736,1.178094965,1.314934541,1.084756333,1.079065298,1.42596436,0.823485125,0.917053966,0.892309145,1.187159167,1.336020089,0.850017562,1.07712857,0.711312158,0.761968815,0.685530922,0.505905474,0.549069422,1.028826642,0.952380952,0.836190723,0.990599062,0.67090557,0.70467323,0.824631724,1.259208014,1.590579257,1.139295247,2.051140545,0.639142379,1.192275532,1.278292792,0.623468554,0.532632014,0.791951277,0.58224163,0.67624683,0.520792766,0.706716037,0.907836558,0.902448616,0.565906173,1.204054715,0.522224738,0.449567723,0.930649646,0.965860319,0.475280631,0.718384605,1.334170937,1.569632788,1.295858676,1.208060914,0.797721581,1.029782227,0.890070512,1.148203275,0.879817795,0.904289556,0.261220613,0.933333333,0.663780721,0.717587201,0.590938936,1.158288381,0.670188784,0.314823385,0.734458011,0.999209665
Bacteria_Proteobacteria_Deltaproteobacteria_Bradymonadales,0.562883417,0.32704957,0.545861298,0.317062773,0.729296279,0.856301642,0.823761759,0.767059561,0.789235466,0.610600286,0.489942055,0.836711529,0.329401258,0.477604574,0.334836043,1.594412189,0.203261163,0.217806782,0.287773448,0.271232412,0.351181083,0.436932351,0.301460926,0.572891663,0.717770677,0.381708855,0.699672668,0.790776072,0.83697851,0.596444021,0.623622442,0.651255994,0.901783737,0.741584191,0.481563666,0.67336546,0.280155059,0.431331226,0.633605041,0.319639074,0.255720679,0.112518753,0.20819956,0.304624578,0.503411733,0.18727491,0.503008346,0.482632589,0.363162827,0.478261976,0.375296791,0.535915844,0.13737315,0.362367467,0.886068187,0.435419112,0.297848873,0.537464015,0.421998366,0.204703262,0.230863438,0.29266933,0.299212387,0.167743331,0.139065576,0.319859513,0.320824623,0.50114677,0.213734787,0.279224209,0.198527057,0.514843099,0.434520262,0.238834488,0.155326401,0.318398449,0.496001257,0.863905784,0.250221971,0.174759783,0.27887591,0.449163598,0.599617266,0.614408977,0.232639031,0,0.18313253,0.18922942,0.133278274,0.229809586,0.24324056,0.271723443,0.072653195,0.357908472,0
Bacteria_Proteobacteria_Deltaproteobacteria_Myxococcales,1.017304639,0.585404941,0.724832215,1.260257913,0.501240047,0.68901806,0.589886181,0.567127512,0.691978325,0.658632703,0.345471962,0.731311821,0.645475298,1.029859509,0.965225687,0,0.357406278,0.578704393,0.570453562,0.454622509,0.552659755,0.838086193,0.661668084,0.593694991,1.354139545,0.934499954,0.849018003,1.016712093,0.735913788,0.470949623,2.486133019,0.653045159,0.632126824,1.341243356,0.020065153,0.871993102,1.598211245,0.657534247,0.708952668,0.716702201,1.128678836,0.437572929,0.27435643,0.263478291,0.838487653,0.952380952,0.72135602,0.913732726,1.010698129,0.68940955,0.952283694,0.582693272,1.181951809,0.553244158,0.978047584,0.943470143,1.446149383,1.167366558,1.001905799,1.239720297,1.549692781,1.807116975,1.202216587,0.847390428,1.957250715,0.755746496,2.022230042,1.286804343,2.118957158,0.667119463,1.125840538,1.050124859,2.045522734,0.850250776,1.309487854,0.840652392,1.71966561,0.904582962,1.411198106,0.984301821,1.131107234,0.599435243,1.173718903,1.705705181,2.377361887,2.546241326,1.900401606,2.077401328,2.140460085,0.861154604,1.143396102,1.324923623,1.620552594,1.975953025,1.371796319
Bacteria_Proteobacteria_Deltaproteobacteria_PB19,0.066484207,0.127201904,0.359731544,0.261110519,0.098485735,0.203764101,0.233875578,0.075791234,0.332603794,0.181527089,0.100500934,0.154045727,0.123442248,0.149567003,0.241306422,0.095782618,0.062542074,0.066231621,0.061120024,0.103253248,0.080577609,0.337598212,0.112854603,0.065610498,0.15417021,0.114131671,0.067512275,0.333524602,0.136240912,0.139522079,0.11281612,0.107349889,0.130994475,0.121717294,0,0.111658912,0.112204067,0.042149631,0.248304678,0.210410118,0.132859212,0.06876146,0.118693207,0.303269155,0.123880429,0.075230092,0.080869509,0.053644975,1.128722382,0.348520695,0.204243151,0.030794626,0.197264354,0.137192621,0.151766004,0.13786568,0.149241897,0.219211367,0.176967057,0.136274117,0.095684007,0.201306947,0.283111272,0.033426503,0.248521362,0.164633573,0.171796411,0.180424791,0.045131106,0.086031243,0.076849183,0.342938626,0.182477747,0.315261524,0.245933469,0.154316498,0.157094582,0.100724441,0.059192294,0.135760309,0.150956437,0.184949717,0.209795166,0.306892382,0.201573311,0.155676931,0.078714859,0.101733072,0.22043208,0.078286782,0.182016746,0.104155616,0.0667403,0.115574611,0.070001129
Bacteria_Proteobacteria_Gammaproteobacteria_Alteromonadales,3.26250833,8.872799761,2.430425056,1.953000107,7.080566807,9.271125687,5.57793254,13.80184512,13.50586131,12.83449973,24.99646676,10.20269175,6.428054757,6.462466586,4.208832937,2.368041024,10.5103218,10.77174183,7.177782871,10.26984543,12.48061931,15.61697275,9.340650846,9.646343415,5.027936902,5.368199507,4.181669394,5.463706785,11.64755088,10.50737454,6.307256792,12.82473341,17.02508538,15.37290351,23.42665597,10.42785466,9.406839552,4.252897787,16.01650798,18.40793344,6.782665584,7.734622437,19.88208511,21.57576867,7.107559966,7.529411765,11.85547001,2.646086177,8.288029614,4.15172098,3.321504251,5.379779978,3.443557674,5.331126322,6.758952661,8.683533546,2.36481275,5.50405409,10.79499047,3.061325942,1.795883285,4.922729103,4.782031156,6.09865995,2.189085526,5.680642228,4.344586343,6.594392362,0.822406392,8.447664327,9.492154979,2.647511865,4.111020758,2.514927155,2.994347845,2.738719277,4.053819823,7.999845039,2.032717195,4.22076371,5.338779452,5.247948214,9.471968247,3.215618764,1.490105029,5.744214887,23.52610442,2.710783343,1.920435039,1.116217991,3.216732303,5.053118202,2.978773787,8.194612732,3.306988822
Bacteria_Proteobacteria_Gammaproteobacteria_Arenicellales,0.878547971,1.030888699,0.490380313,0.370350634,0.651277641,0.62813131,0.52751936,0.45082717,0.501516656,0.544066183,0.745905372,0.478352521,1.036387321,1.289106811,0.632260237,0,1.835650622,2.276639413,2.095907505,1.496401547,1.038971826,1.107771451,0.587462317,0.406465034,0.519589581,0.771850481,0.585106383,0.654497203,0.460289886,0.348823554,0.781356092,0.574321907,0.505242051,0.292792493,0.453236391,0.648384962,0.421023698,1.220934317,1.697034043,0.989999138,0.407665675,2.058676446,4.486992392,0.330646793,0.243414372,1.555822329,0.921912402,0.753452281,0.494323693,0.287465975,0.640812888,0.451292304,0.715407133,0.729208607,0.688312485,0.439899752,0.414697641,0.550669519,0.468282058,0.302800696,0.634588791,0.458360432,0.595741255,1.212865196,0.760898167,1.168114397,0.660277772,0.357110146,0.388668504,1.021809675,0.329170669,0.989572742,0.43158566,0.702173394,1.460499633,0.630717121,0.533368595,0.654708868,0.517932575,0.521481669,0.588615299,1.362352825,0.768303919,0.382802823,0.472500128,0,0.446586345,0.598096438,1.27007273,2.192029901,0.809147169,0.788257807,1.089187249,0.941373847,0.604042001
Bacteria_Proteobacteria_Gammaproteobacteria_Beggiatoales,0,0,0,0,0.005328005,0.002380612,0,0,0.033839631,0.027632597,0,0.037295281,0.002345408,0.004880826,0.003741185,0,0,0,0,0,0,0.028079746,0,0.004800768,0,0,0,0,0.006556001,0.009123949,0.006267562,0.016102483,0,0.117759386,0,0,0.008736668,0,0,0.00374487,0.016282065,0,0,0.005743331,0.517328997,0.016006403,0,0,0.03765047,0,0,0,0.037852472,0,0,0.361620189,0.329484206,0.068668621,0.00816771,0.27318903,0.032211723,0.023227725,0,1.06465796,0.009301224,0,0,1.738697766,0,0.608255981,0.239513289,0,0,0,0.028045045,0.023684947,0.044987614,0,0.067263971,0.055645038,0.302523075,0.094126195,0.06945921,0.038157778,0.01226215,0,0,0.054572071,0.007770008,0.00757614,0,0.273597186,0,0.037282133,0.189680479
Bacteria_Proteobacteria_Gammaproteobacteria_Betaproteobacteriales,0,0,0,0.013321965,0.026864393,0.002073248,0,0,0.011787557,0,0,0.004864602,0.00839114,0.037557966,0,2.357725973,0.011361949,0.00837147,0.011460005,0.006164373,0.002592554,0,0,0.017602816,0.009580685,0.003855942,0.014320786,0.014345144,0.089941614,0.01596691,0.022981062,0.033994132,0,0.015582608,0.127472735,0.011667559,0.011591727,0,0,0,0.059834526,0,0,0.014358326,0.060724234,0,0.012939121,0.011865613,0.009500586,0.03052736,0.028083433,0.050581682,0.023727334,0,0,0,0,0,0,0.019266015,0.022706519,0,0.014759355,0.005286969,0.029696745,0,0,0.006075703,0.198342958,0.01056524,0.002561639,0.034967485,0.011747135,0,0.008629245,0.005382943,0,0,0.017488632,0.004259034,0,0.00495401,0.273584237,0.011536072,0.005049121,0,0.036947791,0.011991024,0.033642898,0,0.016546977,0.013737773,0.100210748,0.01118464,0.063226826
Bacteria_Proteobacteria_Gammaproteobacteria_Cellvibrionales,4.447234325,3.469676805,2.867114094,3.49301929,2.358992783,3.295147714,3.773192662,2.515484933,2.499337892,3.512448134,3.289835273,3.693854386,2.761621478,5.635876044,4.553021942,1.626830922,2.912128012,5.913942596,3.878574885,2.687666631,2.294420583,3.439924393,3.367086651,2.6756281,5.46809171,3.458599094,2.54091653,3.987950079,2.415589659,3.174356312,2.733701727,2.64796393,2.866714847,2.383998693,1.569803125,3.206197967,4.926623317,3.050228311,3.769093774,2.317034106,2.718748662,2.467077846,4.152316463,2.216571822,3.616097179,3.198079232,3.744258265,4.680464122,5.660120646,3.808288178,4.457606781,3.716452929,6.402948065,3.839902176,3.79261712,3.795688383,6.982833647,4.423843858,4.228151375,3.047952816,8.278310268,4.393136982,5.935944397,3.774348885,9.0327374,3.222114209,5.915592077,2.993862166,7.157780488,2.65187533,3.099583734,5.516130963,4.691006239,4.556962025,5.857099711,6.281183849,4.620446561,2.574284275,9.05373046,6.216212286,6.062372521,4.849976056,4.961372174,7.488799221,8.101366292,6.955328637,7.294779116,5.050166692,6.147083697,2.997626143,6.426845815,7.838500569,8.812443181,7.424736695,6.109292085
Bacteria_Proteobacteria_Gammaproteobacteria_Oceanospirillales,1.213094254,1.071258744,1.6,0.682084621,1.610097067,0.747219758,0.814666597,0.729163944,0.819708405,0.715604553,1.129065184,1.315064051,1.108859067,1.988534703,1.185955592,0.47743951,2.675754466,2.385596239,1.547100619,2.225338655,1.523445787,1.798595509,0.989410219,2.077132341,2.795724269,1.279116357,1.387070376,1.694520155,1.194891994,1.411096587,0.691521033,1.030558935,1.200768369,1.695393731,2.000613758,0.982244329,1.420817182,1.336143309,1.818617714,1.344730032,0.531775289,1.225204201,2.984842294,2.429914043,0.718678359,1.358943577,3.666623536,0.951331021,1.105293468,0.811518991,1.317368327,2.129737547,0.943682642,0.770962883,1.250919794,2.007616327,0.882535922,0.660275203,4.429621563,0.935648946,0.390709158,0.29886339,0.61184237,1.900606283,0.578190027,2.681175327,0.732722042,1.1277529,0.711161646,1.839861143,0.780019212,2.185962149,1.577932639,1.151182231,1.253397765,0.843038017,1.005626926,1.512803626,0.66725859,0.86631922,0.633906576,0.868603134,0.498972287,0.973145055,0.673326536,0,0.666666667,0.822447164,0.898028638,0.308096369,0.848859913,1.104234847,1.840548406,1.069997204,0.372586655
Bacteria_Proteobacteria_Gammaproteobacteria_SAR86 clade,0.658286646,0.217150089,1.607158837,1.228285197,0.521776723,0.53891472,0.223481108,0.280950265,0.107422881,0.097398295,0.215134813,0.345386736,0.100735711,0.172431808,0.059858957,0,0.087075574,0.051188031,0.064940026,0.26044476,0.138159816,0.1522889,0.024735255,0.07681229,0.855137573,0.454447853,0.171849427,0.416009181,0.490854301,0.303948953,0.324868642,0.330995491,0.077207845,0.129194461,0.453236391,0.231437029,0.231481169,0.244467861,0.217480649,0.175372276,0.098821177,0.079179863,0.044753177,0.017229992,0.135707608,0.041616647,0.050139096,0.502984077,0.360523776,1.030298405,0.495289642,0.495757599,0.022906814,0.223683622,1.410350748,0.099838349,0.053595873,0.540105116,0.168799347,0.096799834,0.060267712,0.096007928,0.202605697,0.053943812,0.237379085,0.282228982,0.430525945,0.091810202,0.036104885,0.027167761,0.075568364,0.42229935,0.624801534,0.219727729,0.086292445,0.011446282,0.284394168,0.6392128,0.320176501,0.079907367,0.080365869,0.107336889,0.056701396,0.091121644,0.149135036,0,0.215261044,0.103068863,0.193768285,0.207081166,0.099281861,0.030214849,0.04870829,0.121166931,0
Bacteria_Proteobacteria_Gammaproteobacteria_Steroidobacterales,0.710484776,0.399640824,0.828635347,1.047106469,0.539804183,0.515464781,0.809469362,0.445600188,0.458909611,0.570423866,0.483660747,0.392411221,0.397530221,0.841816267,1.083073009,0,0.395872445,0.617127345,0.449486846,0.476197815,0.485268311,0.393934066,0.69567906,0.598495759,0.59366846,0.415167545,0.849018003,0.645531488,0.451348749,0.536408397,0.708234532,0.536749445,0.49531151,0.473728359,0.296256079,0.526283556,0.782239779,0.587284861,0.436673745,0.369227429,0.465204535,0.325054176,0.400832798,1.048233834,0.443565306,0.344137655,0.656660413,1.17448476,0.508955768,0.178076268,0.459547091,0.574976315,1.989013092,0.984207936,0.53807947,0.527225987,0.966771125,0.590286031,0.588075143,0.565377367,1.357373599,0.548174301,0.880194287,0.419288801,2.072178651,0.598952617,1.548237534,0.457631161,1.746323919,0.543355218,0.395773295,0.993899556,0.830130411,1.031764987,1.630927212,1.748585338,1.185250418,0.251811103,2.632711814,1.168782651,1.489291405,0.407880179,0.929902899,1.101863396,1.28917622,0.609514763,0.986345382,1.277125868,2.075964442,0.34850245,1.591819175,0.968538719,2.810662887,0.6188834,0.282262617
Bacteria_Proteobacteria_Gammaproteobacteria_Vibrionales,8.830487143,2.321324169,4.572706935,1.934349355,4.649721218,3.270139588,5.238812952,6.224028435,1.993689718,0.613439569,2.130933874,2.503648451,0.82333848,2.012540255,0.722048673,0.412602045,3.991755478,4.690887574,2.629434385,3.248624574,0.907947807,1.152527067,1.009507614,2.062730037,4.523029834,2.942841804,4.750409165,4.438028977,3.55880307,3.453444403,3.635186094,3.637372075,2.17866269,1.49297622,5.08356546,4.157516739,2.653824063,2.158061117,3.060141106,0.583004003,0.505119347,0.737622937,0.998190415,1.747793958,2.07903831,2.730692277,4.24403183,5.6822147,3.919812709,2.775445827,5.300109781,7.099320365,8.62721418,9.827167121,4.217255335,2.626272053,1.153014226,2.362464675,2.491151647,1.329381966,0.84750789,0.803679272,1.644997249,3.008212128,2.474724983,4.366709524,5.360875955,1.821433533,0.673432064,1.402158328,1.71886007,3.294916041,4.345538818,4.189156914,1.048453208,2.969327276,2.976007313,8.569325534,1.025102914,4.687679715,1.951864879,3.1672639,1.424622581,5.574585405,2.351596766,2.89981266,1.905220884,1.670113453,1.37698937,1.590989444,2.291756296,5.802971906,2.485504368,5.461832417,1.873094727
Bacteria_Proteobacteria_Gammaproteobacteria_unclassified,2.759497629,1.305845431,7.062192394,2.067569008,2.442531145,1.780041999,2.08798919,1.267543057,1.773990089,1.54046906,4.148804196,3.591697746,1.576146669,1.766528404,2.630052938,2.561079838,3.132999326,2.204918828,3.128581251,4.127047728,3.334548211,3.054974224,2.413233362,3.52056329,1.870114944,3.306398286,1.763502455,2.713025391,1.461237109,3.117399156,1.825949797,2.615758964,3.151423478,2.261270155,2.257919834,1.225431056,1.260784206,1.399367756,1.931639153,2.571832459,1.462409723,3.102600433,1.755102835,2.15032596,1.892913676,2.260104042,4.15184059,2.593958131,1.307884665,1.238902033,2.279864178,7.676720886,2.360669102,1.2228038,1.91010547,2.729272226,1.532626918,0.961360695,1.380343044,1.667785622,2.56644945,1.006534733,1.182090193,1.924911631,3.050705019,2.182570792,1.546167698,2.061378926,2.762295072,2.663949891,1.339737432,2.298034437,2.167707993,1.055648436,4.003969452,2.271708332,1.554146736,0.627590749,2.359620093,1.858818221,1.395544492,2.24581799,1.194981926,1.749816189,2.12571901,2.69400248,1.071485944,2.396472205,2.411361562,1.247537754,1.401528941,2.243669257,3.631227953,1.774629509,1.737608671
Bacteria_Verrucomicrobia_Verrucomicrobiae_Opitutales,0.425494617,0.825039112,0.325727069,0.540871789,0.553537428,0.640940381,0.445662907,0.632464783,0.333116441,0.445785285,0.637552802,0.719961083,0.37714576,0.605106494,0.830543033,1.928914562,0.287976059,0.339497202,0.635393587,0.858388941,0.179869066,0.385043571,0.629203061,0.185629701,0.517486019,0.811658901,0.930851064,0.616841199,0.559941107,0.759780604,0.527519821,0.518857797,0.338598778,0.302278751,0,0.515222942,0.828463606,0.587284861,0.388725255,0.374793684,0.423684289,0.23753959,0.439748604,0.347932699,0.560219138,0.232092837,0.308921524,0.516962215,1.503702296,0.513877229,0.949730654,0.563941632,0.754141631,0.504033761,0.498221732,0.794337618,0.82558288,0.660275203,0.457391778,1.214931578,0.900255701,1.032859488,1.300165036,1.49571876,0.855916369,1.158706764,1.424047358,1.322451804,1.61078616,0.558448419,0.472622478,1.331641049,1.412280355,1.55242417,1.451870389,0.81761548,0.516776991,0.883275869,0.752011193,0.832398356,0.996095657,0.437604241,0.489049543,1.125589803,1.669813374,1.788965408,0.677911647,0.799192494,1.08480772,0.70710642,0.766125029,0.520660212,0.904240705,0.369093112,0.471943096
Bacteria_Verrucomicrobia_Verrucomicrobiae_Verrucomicrobiales,3.642886042,3.048065118,5.38344519,1.329532133,2.654687138,1.84420603,2.10877813,1.315892638,1.150609819,1.028213894,1.2342771,1.462623642,3.439605475,3.305686923,1.683533175,2.790958121,4.319542792,3.328800271,3.273741309,2.718488496,1.420557385,1.271181943,0.984772358,0.899343895,5.774623276,2.644781658,5.654664484,3.975398078,1.531781606,1.167769759,2.147684658,1.544049238,1.084958973,0.760812554,1.193286436,1.935124738,1.719022756,3.548998946,1.760394548,1.228370616,0.797556533,4.063177196,2.373864145,1.257408361,1.036967992,2.258503401,3.094067413,4.253538351,2.649989033,2.437100918,4.623554341,3.146840771,2.921929119,1.686574509,2.281089036,2.049486245,1.214301503,1.422232787,1.374897904,3.059991631,2.78868864,1.842732819,2.718404916,1.587396032,3.05638423,3.239361535,4.058948937,1.253909356,1.662597785,1.098784997,0.878642331,2.611622898,3.404261649,3.928827323,1.07218363,2.990445394,1.669396189,6.119009801,2.654236285,1.375628285,1.297095647,2.047657579,1.270111276,3.867330863,4.378315054,6.213884271,2.170281124,2.153621193,3.194147071,9.909591394,2.584637787,2.251416471,2.521111225,5.0069904,0.863723608
Bacteria_unclassified_unclassified_unclassified,0.1581647,0.601362024,0.252348993,0.181178727,0.293135432,0.444188397,0.452159451,0.422078771,0.171815467,0.307847532,0.188439252,0.209177882,0.405267234,0.730148255,0.400306777,0.353658896,0.117544522,0.384264556,0.262306772,0.200342123,0.230647535,0.49169662,0.338563809,0.348855817,0.152770044,0.208426199,0.210720131,0.419595467,0.309874084,0.452948976,0.289352456,0.391827095,0.571814197,0.160294566,0.676313677,0.534576611,0.39237818,0.532490341,0.193506405,0.191444299,0.263717619,0.225037506,0.184850077,0.713203296,0.409127891,0.220888355,0.18438248,0.510622408,0.171538356,0.552036429,0.319129924,0.334162406,0.520210887,0.225174846,0.326526858,0.123854487,0.36310643,0.110926234,0.628913695,0.237575133,0.46540384,0.507912912,0.501818084,0.159133441,0.21428794,0.161497695,0.26700888,0.32536437,0.403830497,0.29431741,0.426512968,0.338803037,0.648593809,0.253164557,0.351641714,0.386307643,1.245138566,0.577228528,0.248876692,0.103666138,0.155085557,0.209719768,0.389822099,1.343691727,0.467687428,2.98952479,0.298795181,0.180633306,0.17616098,0.285367948,0.256478141,0.151032206,0.323833625,0.147264424,0.11967935
