,T1AO_17a,T1AO_17b,T1AO_20a,T1AO_20b,T1AO_23,T1AO_22,T1AC_17a,T1AC_17b,T1AC_20a,T1AC_20b,T1AC_23,T1AC_22,T1NO_16a,T1NO_16b,T1NO_18a,T1NO_18b,T1NO_21,T1NO_10,T1NC_16a,T1NC_16b,T1NC_18a,T1NC_18b,T1NC_21,T1NC_10,T2AO_17a,T2AO_17b,T2AO_20a,T2AO_20b,T2AO_23,T2AO_22,T2AC_17a,T2AC_17b,T2AC_20a,T2AC_20b,T2AC_23,T2AC_22,T2NO_16a,T2NO_16b,T2NO_18a,T2NO_18b,T2NO_21,T2NO_10,T2NC_16a,T2NC_16b,T2NC_18a,T2NC_18b,T2NC_21,T2NC_10,T3AO_17a,T3AO_17b,T3AO_20a,T3AO_20b,T3AO_23,T3AO_22,T3AC_17a,T3AC_17b,T3AC_20a,T3AC_20b,T3AC_23,T3AC_22,T3NO_16a,T3NO_16b,T3NO_18a,T3NO_18b,T3NO_10,T3NC_16a,T3NC_16b,T3NC_18a,T3NC_18b,T3NC_21,T3NC_10,T4AO_17a,T4AO_17b,T4AO_20a,T4AO_20b,T4AO_23,T4AO_22,T4AC_17a,T4AC_17b,T4AC_20a,T4AC_20b,T4AC_23,T4AC_22,T4NO_16a,T4NO_16b,T4NO_18a,T4NO_18b,T4NO_21,T4NO_10,T4NC_16a,T4NC_16b,T4NC_18a,T4NC_18b,T4NC_21,T4NC_10,T5AO_17a,T5AO_17b,T5AO_20a,T5AO_20b,T5AO_23,T5AO_22,T5AC_17a,T5AC_17b,T5AC_20a,T5AC_20b,T5AC_23,T5AC_22,T5NO_16a,T5NO_16b,T5NO_18a,T5NO_18b,T5NO_21,T5NO_10,T5NC_16a,T5NC_16b,T5NC_18a,T5NC_18b,T5NC_21,T5NC_10,T6AO_17a,T6AO_17b,T6AO_20a,T6AO_20b,T6AO_23,T6AO_22,T6AC_17a,T6AC_17b,T6AC_20a,T6AC_20b,T6AC_23,T6AC_22,T6NO_16a,T6NO_16b,T6NO_18a,T6NO_18b,T6NO_21,T6NO_10,T6NC_16a,T6NC_16b,T6NC_18a,T6NC_18b,T6NC_21,T6NC_10
Archaea_Euryarchaeota_Thermoplasmata_Marine Group II,22,86,7,0,269,111,53,17,36,159,174,101,77,104,67,57,48,15,22,69,311,45,31,10,19,34,40,55,9,0,12,10,0,0,12,22,76,11,10,6,34,29,4,0,3,18,40,0,12,5,15,37,17,34,18,0,5,0,61,7,0,4,0,28,0,0,0,3,4,7,0,26,72,26,12,5,0,9,0,23,0,12,17,7,7,0,10,26,24,0,0,12,12,0,17,0,0,0,17,4,15,9,0,0,0,3,0,0,11,4,4,5,0,4,10,12,0,8,6,0,38,9,0,0,5,0,16,0,2,5,0,0,0,0,5,0,0,0,3,0,6,5,0
Archaea_Euryarchaeota_Thermoplasmata_Marine Group III,0,26,0,0,11,6,0,0,0,0,15,3,0,0,7,0,0,0,0,0,0,0,0,0,6,6,0,0,0,0,0,0,0,0,0,0,0,0,0,0,0,0,0,0,0,4,0,0,0,0,0,0,7,3,0,0,0,0,0,2,0,0,0,0,0,0,0,0,0,0,0,0,8,0,0,0,0,0,0,0,0,0,8,3,0,5,3,0,0,0,0,0,5,0,0,0,0,0,0,0,6,6,0,0,5,3,0,0,5,6,0,0,0,2,0,0,0,0,0,0,0,0,0,0,0,0,0,0,0,0,0,0,0,0,0,0,0,0,0,0,0,0,0
Archaea_Nanoarchaeaeota_Woesearchaeia_unclassified,0,0,0,0,12,0,0,5,19,0,18,7,5,30,10,3,0,48,0,0,0,15,27,2,0,0,11,7,15,0,3,2,3,0,48,8,0,0,10,2,30,14,45,0,61,30,6,28,0,8,6,8,8,2,0,2,27,0,16,0,0,27,0,0,213,5,31,20,23,12,3,21,0,8,15,0,0,0,0,6,11,4,19,4,0,0,3,0,0,0,21,14,31,0,22,13,23,21,5,0,6,0,0,6,0,17,0,0,3,0,0,2,0,6,33,8,5,6,17,29,46,0,7,8,14,0,0,393,21,0,0,0,22,6,0,15,8,0,2,77,52,0,0
Archaea_Thaumarchaeota_Nitrososphaeria_Nitrosopumilales,68,33,70,48,66,31,48,51,50,35,51,111,83,101,65,102,32,57,92,55,0,121,35,18,52,74,55,31,20,12,60,16,0,16,21,121,43,0,33,0,26,51,0,3,6,45,21,6,7,0,11,0,0,0,31,18,0,10,34,21,0,0,8,39,0,7,3,11,0,0,11,39,30,73,71,0,0,93,54,41,85,54,236,35,88,88,262,37,21,63,82,39,23,0,124,24,7,69,53,9,29,18,8,60,38,34,77,10,15,8,23,22,11,17,64,51,12,7,46,7,0,53,11,0,11,0,17,26,59,0,17,7,10,9,0,5,42,47,34,123,697,12,36
Bacteria_Acidobacteria_Acidobacteriia_Solibacterales,0,0,0,0,0,0,0,0,0,0,0,0,0,0,0,0,0,0,0,0,0,0,0,0,0,0,0,0,0,0,0,0,0,0,0,0,0,0,0,0,0,0,3,0,0,0,0,2,0,0,0,0,0,0,0,0,0,0,0,0,0,0,0,0,0,0,0,0,0,0,0,0,0,0,0,0,0,0,0,0,0,0,0,0,0,0,0,0,0,0,6,0,6,0,0,0,0,0,0,0,0,0,0,4,0,0,0,0,0,0,0,0,0,4,0,7,6,0,0,0,0,0,0,0,0,0,3,47,12,0,0,0,0,0,0,0,0,0,0,14,11,0,0
Bacteria_Acidobacteria_Blastocatellia (Subgroup 4)_Blastocatellales,89,0,0,0,0,10,0,0,0,0,0,0,0,0,0,5,0,0,0,0,0,0,0,0,0,0,0,0,0,0,3,0,0,0,0,0,0,0,0,0,0,4,16,0,5,6,0,6,0,0,0,0,0,0,0,0,0,0,0,0,0,0,0,0,0,5,0,0,0,0,0,0,0,0,0,0,0,0,0,21,0,0,0,0,0,0,0,0,12,0,21,0,13,0,0,0,0,0,0,0,0,0,9,15,16,0,0,0,0,0,0,0,0,6,0,0,23,0,0,0,0,0,0,0,0,0,0,104,53,0,19,0,0,14,28,0,0,11,0,95,31,0,0
Bacteria_Acidobacteria_Holophagae_Acanthopleuribacterales,26,21,1162,31,25,1021,42,197,889,2159,1934,255,219,14,69,6,78,76,134,150,75,292,870,450,29,102,58,146,188,75,22,79,129,125,340,47,26,59,334,133,12,18,135,108,67,59,18,193,327,197,880,727,556,226,430,272,156,598,2159,164,43,42,259,139,42,20,45,64,118,392,164,177,331,115,111,279,0,375,517,340,146,411,313,88,8,126,51,82,104,270,96,247,167,0,88,37,113,39,18,392,106,170,347,20,104,148,221,6,20,135,256,3,11,252,567,83,174,63,182,0,113,211,103,149,28,241,412,541,197,695,146,43,0,187,144,174,42,278,161,128,113,122,91
Bacteria_Acidobacteria_Subgroup 11_unclassified,0,0,0,0,0,0,0,0,0,0,0,0,0,0,0,0,0,0,0,0,0,0,0,0,0,0,0,0,0,0,0,0,0,0,0,63,0,0,0,0,0,0,0,0,0,0,0,0,0,0,0,0,0,0,0,0,0,0,0,0,0,0,0,0,0,0,0,0,0,0,0,0,0,0,0,0,0,0,0,0,0,0,0,0,0,0,0,0,0,0,0,0,0,0,0,0,0,0,0,0,0,0,0,0,0,0,0,0,0,0,0,0,0,0,0,0,0,0,0,0,0,0,0,0,0,0,0,0,0,0,0,0,0,0,0,0,0,0,0,0,0,0,0
Bacteria_Acidobacteria_Subgroup 21_unclassified,0,0,0,0,0,0,9,0,0,0,0,6,0,0,7,0,0,9,0,4,0,0,0,0,6,0,0,0,0,0,0,0,0,0,3,0,0,0,4,0,0,0,0,0,0,0,0,0,0,0,0,0,0,0,0,0,0,0,0,0,2,0,7,0,0,0,0,4,0,0,0,0,0,4,0,0,0,0,0,0,4,0,3,0,4,0,0,4,0,0,0,4,0,0,0,0,0,0,0,0,0,0,0,6,2,6,3,3,0,0,0,0,0,0,6,2,0,0,0,0,0,0,0,0,0,0,0,0,8,0,0,0,0,0,0,0,0,0,0,3,0,0,0
Bacteria_Acidobacteria_Subgroup 22_unclassified,0,42,48,0,25,0,33,14,6,16,4,17,19,0,16,8,0,8,50,13,0,23,0,7,2,11,8,11,20,4,5,0,88,86,11,12,0,0,7,0,7,0,27,54,22,53,0,97,0,6,4,10,11,0,11,12,26,46,24,19,14,2,10,0,0,7,32,17,54,0,15,0,5,12,6,12,0,23,0,95,123,0,49,16,0,29,11,0,24,10,30,131,130,245,14,0,5,3,15,6,0,4,0,130,89,5,34,0,4,7,13,0,0,36,25,83,105,6,61,0,0,3,0,6,0,3,6,311,145,0,9,0,0,10,25,0,2,61,13,123,281,9,0
Bacteria_Acidobacteria_Subgroup 26_unclassified,0,0,5,0,11,0,4,9,0,0,4,4,0,10,8,8,2,0,14,0,20,12,6,0,0,0,3,3,2,0,0,9,0,0,5,0,0,6,0,0,5,0,0,0,0,0,5,0,4,0,0,0,0,3,0,0,2,0,0,0,0,0,0,0,0,0,0,0,2,0,0,0,0,0,6,4,0,0,0,29,21,7,15,0,3,5,12,5,0,21,17,5,16,0,6,2,0,3,7,6,0,0,5,22,9,5,16,0,0,3,0,0,0,0,8,22,4,0,12,0,0,0,0,0,0,0,0,71,29,0,0,0,0,0,0,0,0,7,0,65,32,0,17
Bacteria_Acidobacteria_Subgroup 6_unclassified,0,19,0,0,0,0,11,0,0,0,0,0,0,0,0,0,0,0,0,0,0,0,0,0,0,0,0,0,0,0,0,0,0,0,0,0,0,0,0,0,0,0,0,0,0,0,0,0,0,0,0,0,0,0,0,0,0,0,0,0,0,0,0,0,0,0,0,0,0,0,0,0,0,0,0,0,0,0,0,0,0,0,0,0,0,0,0,0,0,0,0,0,0,0,0,0,0,0,0,0,0,0,0,0,0,0,0,0,0,0,0,0,0,0,0,0,0,0,0,0,0,0,0,0,0,0,0,0,0,0,0,0,0,0,0,0,0,0,0,0,0,0,0
Bacteria_Acidobacteria_Subgroup 9_unclassified,68,0,0,0,28,0,31,0,22,0,28,8,12,0,17,37,0,6,17,8,0,11,0,0,0,0,0,0,0,21,0,0,0,0,20,0,19,0,0,0,0,0,0,2,0,0,0,6,0,0,4,6,0,0,6,0,0,0,0,0,0,0,6,0,0,0,0,9,0,0,0,20,0,27,31,20,0,13,15,16,5,23,35,17,0,0,16,0,30,0,23,17,16,0,0,0,13,17,0,0,0,34,0,0,24,5,0,5,7,8,0,0,0,4,0,22,0,4,23,0,0,0,0,3,0,8,10,0,6,0,18,9,0,14,0,0,18,14,0,47,74,0,0
Bacteria_Acidobacteria_Thermoanaerobaculia_Thermoanaerobaculales,118,162,25,151,147,179,472,221,1244,111,167,167,93,72,361,361,223,340,232,130,91,828,295,587,145,101,1166,485,299,171,71,164,484,331,982,246,195,113,270,148,734,180,280,74,535,876,158,668,66,115,206,214,122,44,67,97,212,594,231,115,62,98,47,138,0,236,250,299,292,86,455,24,204,132,172,103,0,178,114,263,297,112,458,62,82,44,125,93,109,155,280,490,471,289,98,47,68,55,88,132,102,182,119,288,478,73,161,72,84,81,51,24,33,330,208,370,330,185,33,58,29,186,148,115,31,54,205,1489,511,121,262,65,16,87,86,80,55,991,286,668,437,136,14
Bacteria_Actinobacteria_Acidimicrobiia_Actinomarinales,275,145,50,19,386,306,170,142,171,235,203,210,352,319,310,128,103,177,78,223,262,254,96,76,181,117,202,97,104,78,81,73,26,25,81,209,191,85,127,53,99,32,48,10,41,72,95,96,58,16,27,26,44,74,29,27,11,5,53,18,40,19,48,65,0,14,17,42,55,0,4,16,50,43,9,0,0,9,25,73,61,41,50,57,40,37,65,63,46,6,73,115,99,0,106,5,27,18,30,13,98,0,31,144,134,9,107,36,38,27,4,21,14,53,74,108,61,21,66,14,67,30,0,15,43,0,31,234,111,4,35,19,11,41,59,10,21,26,13,189,83,33,22
Bacteria_Actinobacteria_Acidimicrobiia_Microtrichales,211,250,105,237,364,261,289,284,224,156,132,223,203,178,155,162,354,263,215,153,152,373,330,104,361,406,683,557,590,286,177,328,280,454,491,559,623,283,334,300,772,268,468,220,401,588,386,272,256,177,118,99,148,116,169,119,268,268,263,87,232,136,132,239,0,185,380,175,280,321,283,237,331,215,259,156,0,194,149,356,365,223,300,166,159,78,302,349,238,279,412,198,601,276,239,303,186,201,213,316,241,171,167,493,381,249,203,104,107,250,173,103,96,221,365,480,362,137,381,240,286,269,126,200,147,81,186,842,304,114,102,69,36,205,278,169,291,228,217,590,414,211,118
Bacteria_Actinobacteria_Actinobacteria_Corynebacteriales,79,42,0,0,11,0,10,0,3,13,10,5,0,0,0,0,0,0,0,14,0,10,16,0,2,6,0,0,8,7,0,9,0,7,7,0,8,0,0,0,3,7,8,5,0,0,0,0,0,0,0,0,0,3,0,6,0,6,0,0,0,0,0,5,0,0,0,0,0,5,5,7,0,0,6,0,0,6,0,0,4,6,0,0,3,8,11,9,0,67,10,3,10,0,7,3,3,0,8,0,4,0,0,18,20,6,5,4,0,0,0,0,9,0,10,5,13,0,4,0,0,8,3,0,0,0,10,0,9,3,7,4,0,5,5,17,11,15,10,10,3,0,0
Bacteria_Actinobacteria_Actinobacteria_Micrococcales,0,0,0,0,0,0,0,0,0,0,0,0,0,0,0,0,0,0,0,0,0,0,0,0,0,0,0,0,0,0,0,0,0,0,0,0,0,0,0,0,0,0,0,0,0,0,0,0,0,0,0,0,0,0,0,0,0,0,0,0,0,0,0,0,0,0,0,0,0,0,0,0,0,0,0,0,0,0,0,0,0,0,0,0,0,0,0,0,0,0,0,0,0,121,0,0,0,0,0,0,0,0,0,0,0,0,0,0,0,0,0,0,0,0,0,0,0,0,0,0,0,0,0,0,0,0,0,0,0,0,0,0,0,0,0,0,0,0,0,0,0,0,0
Bacteria_Actinobacteria_Thermoleophilia_Gaiellales,0,0,0,0,0,0,0,0,0,0,0,0,0,0,0,0,0,4,0,0,0,0,0,0,0,0,0,0,0,0,0,0,0,0,0,0,0,0,0,0,0,0,0,0,0,0,0,0,0,0,0,0,0,0,0,0,0,0,0,0,0,0,0,0,0,0,0,0,0,0,0,0,0,0,0,0,0,0,0,2,0,0,5,0,0,0,0,0,0,0,0,0,0,0,0,0,0,0,0,2,0,0,0,5,0,0,0,0,0,0,0,0,0,3,0,0,5,0,0,0,0,0,0,0,0,0,0,61,0,0,0,0,0,0,0,0,3,0,0,15,0,0,0
Bacteria_AncK6_unclassified_unclassified,0,0,0,0,0,0,0,0,0,0,0,0,0,0,0,0,0,0,0,0,0,0,0,0,0,0,0,0,0,0,0,0,0,0,0,124,0,0,0,0,0,0,0,0,0,0,0,0,0,0,0,0,0,0,0,0,0,0,0,0,0,0,0,0,0,0,0,0,0,0,0,0,0,0,0,0,0,0,0,0,0,0,0,0,0,0,0,0,0,0,0,0,0,0,0,0,0,0,0,0,0,0,0,0,0,0,0,0,0,0,0,0,0,0,0,0,0,0,0,0,0,0,0,0,0,0,0,0,0,0,0,0,0,0,0,0,0,0,0,0,0,0,0
Bacteria_Bacteroidetes_Bacteroidia_Bacteroidales,991,897,45,177,140,19,463,240,490,115,40,77,169,245,120,80,292,406,31,65,46,162,148,44,82,149,177,64,71,65,178,128,14,54,126,77,93,71,71,29,83,89,7,9,30,23,234,28,72,52,27,107,50,76,106,258,30,19,126,59,56,57,69,54,0,69,11,14,37,83,48,84,86,130,71,24,0,159,102,74,94,52,140,279,242,42,90,148,181,351,186,47,78,12,182,40,58,78,57,155,152,78,103,91,96,211,74,19,33,3,16,30,63,44,74,97,57,42,174,26,48,32,30,14,63,29,82,304,25,56,79,15,199,95,77,81,173,88,117,78,75,247,0
Bacteria_Bacteroidetes_Bacteroidia_Chitinophagales,4358,4725,6523,7531,4585,3662,5869,4322,10551,7251,3558,5443,4762,4150,7150,3544,6843,5957,4034,2484,4794,5673,3806,3787,11394,10617,15242,10951,11707,7948,6977,10390,3333,4326,7090,8028,13533,7374,11398,8919,13385,8583,5545,3533,5826,6649,6367,6224,10594,8692,8537,8913,6683,8565,7816,6250,5752,6166,8083,4546,6886,6177,7464,9326,9175,5312,5763,4567,6183,8452,6728,5974,7221,4555,5757,6094,4374,4993,3710,5350,6561,6306,5556,5359,4175,5048,4177,5502,4643,4112,3974,3554,5015,1513,2981,6844,5084,4476,4925,8239,7517,4579,5223,4368,5197,6663,2782,5092,5147,5499,7291,3288,3721,2761,4418,3914,3138,5517,5983,5471,6261,6680,5893,8691,8387,5006,7258,6934,5130,9392,6095,6176,4744,7156,9214,7492,7065,4912,4629,3910,1736,6630,3623
Bacteria_Bacteroidetes_Bacteroidia_Cytophagales,3777,4696,3814,4176,3584,2407,4215,2886,3238,3748,2138,3579,6326,3091,6302,2900,3648,4331,3198,2546,6697,4626,3657,4410,7304,7717,8646,7037,6715,5371,4260,7105,4290,5030,4362,5909,5644,3425,6033,5756,8041,3952,3219,2756,4153,4638,4507,5058,6992,6864,5368,5404,4415,4702,7477,7673,4448,3874,5959,2768,3998,4221,7105,8221,8575,3629,2636,4004,4352,4541,6144,9952,9898,4634,5430,5617,8772,5309,8167,5148,7197,5407,4561,6176,5325,7802,6068,5890,5342,5977,3249,5766,4904,2511,4365,4822,4020,4228,3044,6467,4304,6413,5843,3524,3239,4270,3989,5159,3943,4561,7266,3242,3530,2944,4874,3322,2964,2235,4436,3670,5498,5589,4776,5334,5529,5216,6078,8822,5986,4889,7309,5370,5042,5154,5140,4192,3925,6107,4992,5064,3251,2491,5884
Bacteria_Bacteroidetes_Bacteroidia_Flavobacteriales,5607,5842,3039,4066,6629,3286,6385,4797,4562,3532,3254,3011,5816,5894,7273,3831,4969,5490,2527,2695,5736,5048,4002,4461,8769,7605,10880,7741,7656,10150,5363,7101,5447,6401,6867,8264,6974,4200,8694,5513,8724,5060,6283,5207,4885,5828,5090,7061,6119,6432,3589,2878,3559,4537,5743,6239,4877,5101,7892,2971,4755,4752,11644,6841,11873,6043,4052,4787,6113,5897,5285,13105,11148,4265,4526,3740,6978,3795,4079,6873,8651,4253,5497,6711,5110,9931,6960,8527,4666,5153,4965,4614,5940,1260,4782,12843,10606,7945,6997,9959,7121,6016,6137,5975,6314,8411,4921,9772,6686,6637,7355,6285,8575,3488,5693,4742,3656,5868,6754,8212,9478,8049,4988,6056,6319,4198,5341,5945,5131,6138,7024,10215,5565,9023,8919,9451,7450,8895,7457,7020,2874,5971,5830
Bacteria_Bacteroidetes_Bacteroidia_ML602M-17,0,0,0,0,0,0,0,0,0,0,0,0,0,0,0,0,5,0,0,0,0,0,0,0,0,0,0,0,0,0,6,0,38,30,0,0,0,0,0,0,0,0,21,26,32,56,0,44,0,0,0,0,0,0,50,0,31,26,0,0,0,0,0,0,0,0,0,24,13,42,55,0,0,0,0,0,0,0,0,0,0,0,0,0,0,0,0,0,0,0,0,0,5,0,0,0,0,0,0,0,0,0,0,0,0,0,0,0,0,0,0,0,0,0,0,0,0,0,0,0,0,0,0,0,0,0,0,0,0,0,0,0,0,0,0,0,0,0,0,0,0,0,0
Bacteria_Bacteroidetes_Bacteroidia_SM1A07,0,0,0,0,0,0,0,0,0,0,0,0,0,0,0,0,0,0,0,0,0,0,0,0,0,0,18,0,0,0,0,0,3,0,0,0,10,0,3,26,0,0,0,0,0,0,0,0,0,0,21,17,0,3,2,3,9,21,40,9,0,0,14,65,0,0,0,4,4,4,55,6,11,9,43,0,690,13,0,23,58,23,23,0,14,29,43,2,0,8,16,33,6,0,33,0,0,23,8,0,2,14,21,0,22,52,0,20,0,14,9,0,0,2,17,0,3,0,9,0,20,23,7,12,20,72,51,0,8,46,22,4,0,32,31,12,0,0,0,2,0,2,164
Bacteria_Bacteroidetes_Bacteroidia_Sphingobacteriales,0,0,0,0,3,45,47,0,129,107,15,12,0,9,102,28,21,29,14,23,3,15,45,65,11,34,170,182,89,8,43,11,48,40,37,63,47,52,34,69,39,41,51,47,41,26,0,74,30,25,49,61,13,70,41,30,12,50,21,41,26,60,51,33,0,68,63,27,65,2,76,5,9,96,39,12,775,12,0,150,115,70,52,1100,171,170,534,152,52,27,76,46,78,0,130,9,8,215,370,282,58,5,12,52,61,54,127,162,67,154,266,68,52,68,43,62,17,13,175,49,98,72,29,277,184,12,38,13,36,56,105,55,0,171,239,207,123,73,40,57,15,25,64
Bacteria_Bacteroidetes_Bacteroidia_unclassified,15,53,337,279,85,71,27,25,94,416,44,135,87,100,94,35,75,87,65,80,171,116,37,90,78,180,234,137,113,103,75,129,82,527,160,48,164,74,50,109,512,57,98,77,116,76,51,76,162,228,380,299,381,215,253,126,144,366,103,152,69,125,127,141,175,94,45,157,141,94,202,84,125,172,187,246,0,195,247,612,157,110,395,366,262,149,31,64,103,139,85,430,81,0,137,50,30,82,31,171,127,305,208,314,128,41,46,182,204,81,205,106,41,17,102,170,75,23,103,36,63,158,175,201,63,137,241,592,396,300,187,267,254,108,55,60,12,151,185,49,25,80,0
Bacteria_Bacteroidetes_Ignavibacteria_OPB56,0,0,0,28,0,5,0,0,58,26,55,8,0,0,8,0,0,5,43,14,79,62,8,47,0,0,67,19,0,2,0,7,35,3,7,14,0,0,0,10,0,0,23,40,121,17,0,31,39,18,42,0,0,41,10,0,14,0,73,0,19,0,0,23,0,7,0,22,14,4,0,0,0,6,17,0,0,5,0,66,12,20,12,13,16,4,14,13,16,0,22,69,39,0,8,0,0,0,0,12,0,22,0,50,64,0,21,0,0,0,0,0,0,30,18,8,15,4,5,0,0,19,4,11,0,0,23,121,183,0,0,12,0,0,33,0,0,27,10,63,86,0,0
Bacteria_Bacteroidetes_Rhodothermia_Balneolales,71,36,100,45,22,24,18,10,30,75,11,46,96,38,148,78,72,27,83,32,137,55,36,61,30,190,161,196,44,28,66,35,140,121,93,123,57,64,63,57,99,5,107,93,339,109,39,57,69,79,49,41,95,65,156,55,114,197,447,80,119,95,76,51,0,87,109,353,198,72,98,40,54,0,43,19,0,38,46,247,169,51,8,65,65,116,14,70,22,25,33,188,32,0,50,13,0,28,16,107,37,7,23,55,56,45,105,34,13,36,16,6,23,9,56,50,44,8,112,34,40,38,22,39,32,35,67,37,70,4,70,28,0,83,122,65,21,16,90,0,28,40,280
Bacteria_Bacteroidetes_Rhodothermia_Rhodothermales,0,82,62,4,146,166,103,41,13,62,106,36,165,42,103,43,75,60,130,84,117,113,42,40,126,126,245,501,597,136,39,91,201,91,293,68,169,210,233,573,329,127,70,34,190,135,23,149,377,389,428,474,203,443,232,215,90,143,206,218,137,231,647,433,155,112,121,50,195,123,141,83,177,92,275,196,0,78,47,167,225,293,316,360,128,135,170,269,104,61,114,127,135,0,42,63,38,94,77,206,145,37,63,169,66,111,55,142,64,48,136,38,40,111,131,95,118,18,102,81,76,167,202,216,126,67,159,543,154,74,110,80,0,68,85,54,33,226,130,198,139,81,160
Bacteria_BRC1_unclassified_unclassified,0,0,26,79,0,22,0,0,38,20,9,13,24,0,8,0,19,0,13,11,3,33,18,39,3,11,37,118,25,12,7,29,94,51,50,4,40,10,10,19,28,4,10,49,28,16,4,58,39,44,87,27,7,43,42,41,43,39,34,14,18,38,20,6,0,29,33,21,28,54,33,26,42,9,6,26,0,63,109,23,72,40,24,45,11,11,10,13,10,0,30,11,63,0,6,2,4,13,3,5,28,213,92,12,20,19,3,17,10,0,13,0,0,12,13,12,17,0,17,29,4,28,16,16,49,59,83,0,13,62,30,5,0,19,11,10,2,38,6,46,11,0,287
Bacteria_Calditrichaeota_Calditrichia_Calditrichales,0,0,33,0,22,14,0,0,21,5,0,0,11,13,16,3,23,20,12,18,6,11,21,30,0,7,28,35,79,10,0,7,14,43,60,47,8,10,17,0,31,5,35,28,24,38,15,29,0,4,4,16,18,11,10,5,0,0,40,7,2,9,0,0,0,41,29,22,61,9,15,7,3,0,5,4,0,10,11,19,21,21,29,0,0,9,9,0,3,0,24,36,121,0,0,3,0,0,0,10,0,5,5,25,29,11,3,0,0,0,0,0,0,25,24,29,31,21,0,0,6,7,0,0,0,6,6,11,49,5,11,0,0,0,10,0,0,12,0,66,46,0,0
Bacteria_Chlamydiae_Chlamydiae_Chlamydiales,0,0,0,0,0,28,0,0,0,2,4,7,0,0,0,2,6,0,14,0,0,0,0,2,0,0,3,12,0,0,4,0,22,9,0,4,0,0,0,5,0,0,3,0,9,7,0,0,0,5,0,0,0,0,0,0,0,0,2,0,11,0,0,0,0,0,2,0,3,5,2,10,17,4,5,7,0,0,0,7,0,0,8,14,6,0,0,0,0,0,0,37,0,119,0,0,0,0,0,5,0,0,0,0,0,0,0,7,0,2,4,0,0,3,0,0,17,3,0,0,5,5,10,0,0,0,4,0,0,7,2,0,0,0,0,5,0,0,0,0,0,0,0
Bacteria_Chloroflexi_Anaerolineae_Anaerolineales,0,101,0,0,0,0,0,0,0,0,0,0,0,0,0,3,0,0,0,2,0,0,0,0,0,0,0,0,0,0,0,0,0,0,0,0,0,0,0,0,0,0,0,0,0,0,0,0,0,0,0,0,0,0,0,0,0,0,0,0,0,0,0,0,0,0,0,0,0,0,0,0,0,0,0,0,0,0,0,0,0,0,0,0,0,0,2,0,0,0,0,0,0,0,0,0,0,0,0,0,0,0,0,0,0,0,0,0,0,0,0,0,0,0,0,0,0,0,0,0,0,0,0,0,0,0,0,0,0,0,0,0,0,0,0,0,0,0,0,0,3,0,0
Bacteria_Chloroflexi_Anaerolineae_Ardenticatenales,26,0,0,22,27,19,8,24,52,38,75,58,0,17,12,0,33,14,50,39,90,73,18,44,36,30,34,209,231,32,51,47,114,52,146,127,107,42,39,35,290,28,199,44,208,189,106,40,117,154,141,92,94,90,72,72,122,103,142,28,116,51,17,38,252,146,205,58,202,84,89,51,56,42,73,83,0,5,11,89,66,47,49,29,5,17,44,43,42,295,150,61,109,3,20,3,23,0,20,44,52,80,53,4,9,15,18,62,8,11,38,48,23,15,64,72,59,31,16,85,69,32,20,40,25,80,106,314,36,6,45,23,64,18,37,13,22,40,63,119,53,35,0
Bacteria_Chloroflexi_Anaerolineae_Caldilineales,0,0,0,0,0,0,0,4,0,0,0,0,0,0,0,0,0,0,0,0,0,0,0,0,0,0,0,0,2,0,0,2,0,0,0,55,0,0,0,6,0,0,0,0,0,0,0,0,0,0,0,3,0,0,3,0,4,0,0,0,0,0,11,16,0,0,3,0,0,0,4,0,0,8,9,12,0,0,4,0,0,0,5,19,0,20,14,5,0,0,4,16,10,127,0,0,0,13,0,6,9,0,0,12,5,7,17,6,5,6,9,7,0,0,3,42,19,0,6,6,0,0,0,11,13,3,0,101,23,13,9,0,0,17,24,0,0,3,0,37,38,0,0
Bacteria_Chloroflexi_Anaerolineae_SBR1031,0,88,163,17,27,119,57,3,468,494,282,194,264,55,131,54,97,136,68,246,224,291,128,259,65,189,504,376,178,114,55,116,321,630,471,192,149,81,117,141,248,53,132,260,397,329,96,425,178,279,387,517,89,213,246,177,737,509,480,162,63,97,345,293,0,324,221,603,769,235,437,142,166,119,187,5,0,104,58,398,634,145,142,216,135,55,143,87,78,193,79,310,392,234,85,7,46,86,54,2,82,95,19,383,281,52,40,32,89,64,72,5,24,107,115,117,79,123,23,28,34,111,157,14,18,97,112,400,336,215,63,143,538,73,68,18,22,151,112,138,153,51,131
Bacteria_Chloroflexi_Anaerolineae_unclassified,0,0,0,0,0,0,0,0,0,0,0,0,0,0,0,0,0,0,0,0,0,0,0,0,0,0,0,0,0,0,0,0,0,0,0,0,0,0,0,0,0,0,0,0,0,0,0,0,0,0,0,0,0,0,0,0,0,0,0,0,0,0,0,0,0,0,0,0,0,0,0,0,0,0,0,0,0,0,0,0,0,0,0,0,0,0,0,0,0,0,0,0,0,0,0,0,0,0,0,0,0,0,0,0,0,0,0,0,0,0,0,0,0,0,0,0,0,0,0,0,0,0,0,0,0,0,0,0,153,0,0,0,0,0,0,0,0,0,0,0,0,0,0
Bacteria_Chloroflexi_Chloroflexia_Chloroflexales,0,0,0,0,0,0,0,0,0,0,0,0,0,0,0,0,0,19,0,0,0,0,0,0,0,3,16,34,0,0,0,0,0,0,0,0,3,39,0,0,0,0,0,0,0,0,0,0,0,0,20,28,0,0,0,0,2,2,0,5,10,71,0,0,0,0,0,0,0,8,0,5,4,17,0,0,0,0,0,0,0,21,17,69,125,0,0,0,14,0,13,0,0,0,13,0,0,21,23,0,0,9,0,0,0,0,3,36,11,0,0,0,15,10,7,9,5,0,0,0,0,5,6,0,0,0,0,0,0,0,0,10,0,0,0,2,0,0,6,20,0,0,0
Bacteria_Chloroflexi_Dehalococcoidia_SAR202 clade,0,0,0,0,0,4,0,0,0,0,0,0,0,0,0,0,0,0,0,0,0,0,0,0,0,0,0,0,0,0,0,0,0,0,0,0,0,0,0,0,0,0,0,0,0,0,0,0,0,0,0,0,0,0,0,0,0,0,0,0,0,0,0,0,0,0,0,0,0,0,0,0,0,0,0,0,0,0,0,0,0,0,0,0,0,0,0,0,0,0,0,0,0,0,0,0,0,0,0,0,0,0,0,0,0,0,0,0,0,0,0,0,0,0,0,0,2,0,0,0,0,0,0,0,0,0,0,0,0,0,0,0,0,0,0,0,0,0,0,0,70,0,0
Bacteria_Chloroflexi_KD4-96_unclassified,0,0,0,0,0,0,8,0,0,0,0,0,0,0,3,0,16,4,0,0,0,7,0,0,0,0,0,11,0,0,0,0,0,4,0,0,0,0,0,0,0,0,5,0,4,3,0,0,0,3,0,0,0,0,0,0,4,3,3,0,0,0,0,0,0,0,0,0,3,0,0,0,0,0,18,5,0,4,0,0,0,0,13,0,7,0,0,8,11,0,11,27,0,0,0,3,0,3,0,0,0,0,0,49,26,0,0,0,0,0,0,0,2,18,0,21,39,0,0,0,0,4,3,5,3,0,0,41,46,0,0,0,0,0,0,0,6,0,0,35,44,0,0
Bacteria_Cyanobacteria_Melainabacteria_Caenarcaniphilales,0,0,20,66,20,0,0,12,22,0,11,16,38,12,16,21,16,5,21,13,0,2,24,41,19,23,106,171,213,63,11,30,71,129,43,41,25,30,35,36,25,48,20,59,56,38,35,73,48,144,114,57,43,40,122,84,55,43,45,34,121,52,131,12,140,4,17,52,51,47,99,104,80,37,44,34,0,116,119,46,54,33,75,93,33,47,14,43,80,0,24,49,5,0,105,22,18,29,33,73,30,32,53,0,0,12,4,38,16,11,46,0,14,21,29,9,7,0,57,52,56,84,32,24,21,27,43,58,0,51,57,46,81,29,22,37,27,32,0,0,0,13,234
Bacteria_Cyanobacteria_Melainabacteria_Obscuribacterales,0,0,0,0,0,0,0,0,0,0,0,0,0,0,0,0,0,0,0,0,0,6,0,10,0,0,0,0,0,0,0,0,0,0,0,0,0,0,0,0,4,0,5,0,0,0,0,0,0,0,2,0,0,0,0,0,6,0,3,0,0,0,0,0,0,0,20,3,8,0,7,0,0,0,0,0,0,0,0,26,29,0,0,0,0,0,0,0,0,0,15,24,92,0,0,0,0,0,0,4,5,2,0,75,52,0,10,0,0,0,0,0,0,14,17,23,30,0,10,0,0,0,2,0,0,0,0,63,53,0,0,0,0,0,0,0,0,15,6,60,48,0,0
Bacteria_Cyanobacteria_Melainabacteria_Vampirovibrionales,0,0,94,137,0,0,0,5,306,0,611,18,9,7,0,0,0,11,8,0,78,20,0,0,34,7,37,117,14,33,0,33,25,12,43,24,45,74,7,49,0,10,22,15,10,22,0,19,38,15,33,26,8,22,32,18,49,35,223,26,0,63,10,5,0,3,16,31,38,65,18,0,3,24,12,0,0,12,2,120,79,20,31,12,17,8,14,28,0,118,59,38,23,0,32,0,2,9,24,3,0,9,10,55,31,10,15,0,8,6,7,2,0,25,16,15,9,4,31,3,0,27,19,7,2,3,18,203,139,40,47,40,0,40,21,16,21,68,68,44,8,3,195
Bacteria_Cyanobacteria_Oxyphotobacteria_Eurycoccales,225,137,28,549,405,334,475,429,463,902,666,453,681,253,438,200,759,511,900,731,386,760,1881,1474,81,183,175,338,310,144,55,152,888,1015,482,101,160,98,173,250,466,119,459,408,436,510,141,1119,270,492,189,224,260,261,84,103,375,239,319,115,192,146,428,416,22,246,498,140,189,316,356,497,343,142,437,633,0,173,102,312,323,377,343,351,193,639,583,876,195,216,232,218,152,40,266,247,323,311,380,585,199,31,176,486,332,173,259,297,220,323,741,240,280,235,289,241,180,199,343,484,347,199,155,372,235,69,199,46,276,202,295,141,13,149,182,291,200,325,191,313,54,255,321
Bacteria_Cyanobacteria_Oxyphotobacteria_Leptolyngbyales,0,8,10,0,0,0,0,0,0,0,0,0,0,0,0,0,0,0,0,2,0,5,0,0,0,0,0,6,0,0,0,0,0,0,5,0,0,0,0,0,0,0,0,0,0,0,0,0,0,0,0,0,0,0,0,0,0,0,0,0,0,0,0,0,0,0,0,0,0,0,0,0,3,0,0,6,0,0,0,0,10,0,0,0,0,0,0,0,0,0,0,0,4,0,0,0,0,0,0,8,0,0,0,0,0,0,0,0,0,9,0,0,7,0,4,0,0,0,0,0,0,0,0,0,0,0,0,0,5,0,0,0,0,0,5,0,0,2,0,16,3,0,0
Bacteria_Cyanobacteria_Oxyphotobacteria_Limnotrichales,20,110,0,0,12,16,51,135,89,248,102,160,24,32,24,13,42,92,77,90,38,50,182,111,30,54,4,16,8,154,41,14,72,30,0,57,17,12,18,10,5,25,31,10,24,34,143,40,17,37,4,0,10,23,41,167,24,44,65,15,27,10,18,0,0,10,0,24,40,54,0,15,8,22,30,9,0,487,319,5,16,43,525,0,38,7,19,0,0,336,26,9,8,0,30,0,0,15,52,9,31,90,54,49,44,29,36,22,0,0,10,16,18,37,345,121,124,45,216,0,11,201,163,25,0,254,469,0,25,70,88,0,0,0,20,15,62,42,21,41,51,38,243
Bacteria_Cyanobacteria_Oxyphotobacteria_Nostocales,1034,1400,1809,4089,914,3287,722,530,1735,1942,1483,1139,2099,1000,8669,1001,2016,1482,521,861,2368,1078,1689,1772,1213,1939,1055,1629,477,1392,657,1088,726,609,658,932,1202,917,1634,1071,3212,859,496,622,1058,426,1504,1203,3433,5674,3092,2895,1257,3148,1594,1796,1710,1450,1589,879,2415,1826,2978,4095,1063,649,636,896,1477,1597,958,10878,7670,2672,4718,4092,8704,6155,7451,5166,3618,8788,8436,2430,3069,2847,3475,5586,3101,3426,1363,2657,4717,3138,784,1769,2730,1959,1947,2901,2787,4818,5537,778,1449,3099,2175,6508,3569,2890,5956,3758,1701,3512,6004,2869,4642,1539,5329,2972,3531,3717,2655,4229,3419,4039,6218,4004,7009,6493,5794,3016,3842,2534,2258,2755,1271,1908,1837,2331,1121,1865,2501
Bacteria_Cyanobacteria_Oxyphotobacteria_Phormidesmiales,501,909,1440,2241,989,1938,1385,987,1205,1556,1711,1085,2392,1132,1949,942,1776,1748,689,675,1196,1168,1474,2403,329,539,951,991,394,462,213,362,394,565,716,406,1020,644,516,749,961,448,265,990,461,402,557,1103,724,1599,1796,2068,831,1264,681,518,968,936,1420,497,1678,1585,5818,2876,2053,440,570,408,520,742,764,3890,2052,1573,3306,2631,2991,1419,1593,650,735,2639,2865,2235,5099,5191,2725,4710,1841,973,805,453,574,957,1742,877,1809,1623,1957,2550,2590,870,1921,311,384,1888,814,3002,3014,1374,3042,7079,1577,1206,1254,1385,977,1083,1241,1639,2245,1630,1441,2095,1785,1198,3204,346,529,3345,1909,1176,2470,1048,1384,1254,785,594,1316,855,467,528,1062
Bacteria_Cyanobacteria_Oxyphotobacteria_Synechococcales,2035,1147,454,425,4788,2875,2320,2334,1967,2152,3392,1941,3897,2918,2784,2588,1755,2495,983,1571,1127,2982,1249,610,4444,3576,5255,1305,3495,5160,2590,2997,209,407,1635,3373,3558,2001,5323,1484,3095,2371,372,470,356,3621,3001,1862,1058,879,447,452,723,2581,907,1093,407,363,1878,702,663,741,1239,992,733,784,341,442,414,1227,408,691,847,290,601,282,0,215,158,256,215,218,448,314,588,289,531,696,528,330,312,443,232,1014,497,850,943,401,575,814,1667,650,570,760,1067,1210,1094,699,1203,476,578,1117,437,477,663,1104,593,647,802,746,1163,461,662,734,1144,697,1024,405,503,614,820,698,330,567,1477,670,1396,722,456,612,356,657,61
Bacteria_Cyanobacteria_Oxyphotobacteria_Thermosynechococcales,0,0,0,0,0,0,19,0,9,11,8,0,4,0,0,0,16,17,18,10,0,7,0,26,6,0,3,5,0,2,0,9,24,16,10,6,0,0,6,0,0,2,10,17,29,28,0,78,8,0,0,0,0,0,4,15,19,38,11,7,0,5,5,0,0,10,23,8,0,0,23,0,0,0,0,0,0,6,0,34,0,14,51,0,0,0,0,0,0,0,0,11,21,0,13,0,0,0,0,0,7,6,0,18,16,5,49,0,6,0,3,0,0,15,16,0,50,23,23,0,0,3,0,3,0,0,0,0,55,0,13,0,0,3,4,0,0,13,184,87,24,9,53
Bacteria_Cyanobacteria_Oxyphotobacteria_unclassified,4,141,119,541,142,330,257,196,759,319,227,332,445,162,71,75,351,436,191,171,145,309,612,653,38,38,66,119,20,37,77,83,127,196,70,125,310,137,45,35,47,0,19,305,129,121,253,342,21,116,373,163,5,69,192,1278,202,151,202,21,170,207,288,164,53,81,38,134,108,168,104,391,168,190,202,121,0,423,641,41,45,240,502,877,872,432,230,249,227,433,130,30,51,680,227,39,85,268,183,74,130,192,455,70,36,157,620,227,230,49,181,98,107,390,833,351,696,119,526,38,87,297,214,136,61,164,354,3,93,143,281,132,20,70,154,77,58,202,227,190,106,369,60
Bacteria_Cyanobacteria_Sericytochromatia_unclassified,0,30,68,71,7,0,0,0,0,6,5,4,7,0,15,0,2,0,2,7,0,9,9,0,4,0,0,0,0,0,11,2,28,22,0,0,2,0,14,29,8,0,7,27,0,10,23,6,0,0,5,0,5,5,0,0,64,15,12,3,7,0,38,25,0,0,9,11,0,2,4,6,13,2,0,0,0,5,0,17,18,15,17,3,16,29,0,8,5,0,15,45,40,0,11,11,24,5,4,19,13,0,8,11,0,15,9,0,0,8,6,24,19,0,0,10,8,0,12,0,6,25,4,21,6,11,19,0,9,0,3,0,0,42,16,41,32,28,7,6,0,22,0
Bacteria_Cyanobacteria_unclassified_unclassified,0,0,0,0,0,0,0,4,0,0,0,0,0,0,0,0,0,0,0,0,0,0,0,5,2,0,3,0,0,0,0,0,13,11,0,0,8,0,0,0,13,5,0,0,0,0,7,0,0,4,0,14,0,0,0,0,0,0,11,0,0,0,0,0,0,0,0,0,0,0,0,6,0,0,9,0,0,0,0,0,0,0,0,0,0,0,0,4,28,0,0,0,0,0,0,0,4,2,0,0,9,0,0,5,0,0,0,0,0,6,0,0,0,0,0,0,0,0,0,0,0,13,11,0,0,0,0,0,0,0,0,0,0,0,0,0,0,0,0,0,0,0,0
Bacteria_Dadabacteria_Dadabacteriia_Dadabacteriales,0,0,0,0,0,0,0,0,0,0,0,0,6,0,0,0,0,0,0,0,0,0,0,0,0,0,0,3,0,4,0,0,0,0,0,53,0,0,0,0,0,0,0,0,0,0,0,4,0,0,0,0,0,0,0,0,0,0,0,0,0,0,0,0,0,0,0,0,0,0,0,0,0,0,0,0,0,0,0,0,0,0,0,0,0,0,0,0,0,0,0,0,0,0,0,0,0,0,0,0,0,0,0,0,0,0,0,0,0,0,0,0,0,0,0,0,5,0,0,0,0,0,0,0,0,0,0,0,12,0,0,0,0,0,0,0,0,0,0,27,37,0,0
Bacteria_Deinococcus-Thermus_Deinococci_Deinococcales,71,50,0,49,3,8,6,4,7,0,42,12,9,17,611,42,19,0,0,3,13,14,6,2,51,82,156,303,186,61,27,52,65,54,126,79,80,55,123,180,215,59,14,28,29,29,34,3,94,86,263,242,81,53,52,40,29,13,254,40,55,135,669,299,0,40,52,14,49,57,25,64,171,120,250,30,0,33,31,42,45,233,105,288,243,312,251,108,39,87,126,31,28,0,82,49,122,245,141,109,84,93,51,81,60,46,17,100,127,120,221,58,49,18,94,7,20,34,73,144,119,152,146,111,190,48,88,5,0,154,70,191,319,163,123,115,61,94,100,48,19,34,86
Bacteria_Deinococcus-Thermus_Deinococci_Thermales,98,8,0,7,0,5,5,0,0,4,6,0,0,0,0,0,3,0,0,13,139,0,0,0,0,0,10,0,0,0,0,0,0,0,0,4,0,2,0,0,0,0,0,5,0,0,0,0,0,0,0,0,0,0,0,0,5,0,0,0,0,0,0,0,329,0,0,0,0,0,0,0,3,0,0,0,257,0,0,8,0,0,0,0,0,7,0,0,10,29,0,0,0,0,0,0,0,0,0,0,0,4,2,2,0,0,0,0,0,0,0,0,0,0,0,0,0,0,0,0,0,0,0,0,0,0,0,68,0,0,0,0,41,0,0,0,0,0,0,0,0,0,33
Bacteria_Dependentiae_Babeliae_Babeliales,0,0,0,0,0,0,0,0,0,0,0,0,0,0,0,0,0,0,0,0,0,0,0,0,0,0,0,0,0,0,0,0,0,0,0,0,0,0,0,0,0,0,0,0,0,0,0,0,0,0,0,0,0,0,0,0,0,0,0,0,0,0,0,0,0,0,0,0,0,0,0,0,0,0,0,6,0,0,0,0,0,31,2,0,0,12,0,0,0,0,0,0,0,0,0,0,0,0,0,0,0,0,0,0,0,2,0,0,0,0,0,0,0,0,0,0,0,0,0,0,0,0,0,0,0,0,0,0,0,0,0,0,0,0,0,0,0,0,0,0,0,0,0
Bacteria_Entotheonellaeota_Entotheonellia_Entotheonellales,0,0,0,32,0,0,0,0,5,0,0,0,0,0,0,0,0,0,0,0,0,0,0,0,0,0,0,0,0,0,0,2,0,0,0,0,0,0,0,0,0,0,0,0,0,0,0,0,0,0,0,0,0,0,0,0,0,0,0,0,0,0,0,0,0,0,0,0,0,0,0,0,0,0,0,0,0,0,0,0,0,0,0,0,0,0,0,0,0,0,0,0,0,0,4,0,0,0,0,0,0,0,0,0,0,0,0,0,0,0,0,0,0,0,0,0,0,0,0,0,0,0,0,0,0,0,0,0,0,0,0,0,0,0,0,0,0,0,0,0,0,0,0
Bacteria_Epsilonbacteraeota_Campylobacteria_Campylobacterales,16,56,28,154,35,2,865,68,2670,30,28,0,41,58,12,6,13,71,11,0,0,24,32,12,23,17,29,0,21,18,23,36,46,291,33,3,43,58,9,13,11,8,133,243,329,69,19,257,0,5,0,6,0,14,9,24,33,181,34,18,12,0,45,31,86,165,593,443,338,7,57,8,15,15,9,0,0,15,13,3,9,11,28,44,50,48,13,11,47,0,54,24,0,0,39,3,7,6,8,19,23,168,13,15,13,38,21,0,0,34,30,17,10,18,98,0,24,10,17,8,10,170,78,6,2,112,71,0,5,14,99,220,104,291,462,6,87,63,98,0,0,42,80
Bacteria_Fibrobacteres_Fibrobacteria_Fibrobacterales,82,217,57,0,112,36,77,37,34,6,67,68,46,113,113,46,55,106,36,23,115,43,37,10,245,201,313,47,187,97,122,159,3,13,32,383,580,105,260,92,80,127,21,2,10,140,209,27,0,0,0,3,4,10,31,5,7,7,3,7,3,0,22,5,0,0,0,5,7,3,0,6,0,11,7,9,0,21,0,8,0,0,4,0,35,7,10,9,2,0,0,0,8,56,7,0,8,2,5,20,7,0,0,2,0,16,0,3,0,0,4,4,0,0,5,14,14,4,9,5,15,18,5,14,22,4,7,7,17,14,38,16,0,14,122,26,49,9,51,24,14,22,0
Bacteria_Firmicutes_Bacilli_Bacillales,158,0,47,21,11,9,16,7,8,30,12,0,0,9,0,6,9,7,8,2,242,8,0,8,0,19,30,6,0,0,0,0,0,0,0,4,10,2,0,0,0,0,0,0,0,0,0,0,0,0,0,0,0,0,0,0,0,0,0,0,0,3,0,0,273,0,0,0,3,0,0,0,0,3,0,0,2496,0,0,0,2,0,0,0,0,0,0,6,31,7,0,6,0,2361,0,0,0,0,0,0,0,5,0,6,0,0,2,0,3,0,0,5,0,0,0,12,0,0,0,3,0,0,0,0,0,0,7,146,7,5,0,0,36,0,0,0,0,6,0,15,24,0,278
Bacteria_Firmicutes_Bacilli_Lactobacillales,0,0,0,0,0,14,0,0,0,10,0,10,0,0,0,8,0,0,0,0,0,0,0,0,5,0,0,0,0,0,0,0,0,0,0,0,5,0,0,0,0,0,0,0,0,0,0,0,0,0,0,0,0,0,0,0,0,0,0,0,0,0,0,0,0,0,0,0,0,0,0,0,0,0,0,0,439,0,0,0,0,0,0,0,0,0,0,0,0,0,0,0,0,0,0,0,0,5,0,0,0,0,0,0,0,0,0,0,0,0,0,0,0,0,0,0,0,0,0,0,0,0,0,0,0,0,0,0,0,0,2,0,0,0,0,0,0,0,0,0,0,0,35
Bacteria_Firmicutes_Clostridia_Clostridiales,12,389,38,120,14,14,94,79,33,0,22,18,37,19,34,19,147,11,17,17,0,55,65,0,45,118,59,40,71,16,29,27,10,38,79,32,58,32,156,26,121,103,67,35,64,50,127,9,0,10,7,0,0,15,14,16,22,89,3,0,12,14,5,15,27,9,6,10,107,5,6,7,35,25,50,10,0,0,17,34,60,18,23,32,43,22,10,48,67,118,41,44,8,0,0,19,18,27,7,34,86,43,11,35,39,24,15,17,140,15,10,10,11,38,43,32,23,7,47,21,7,22,20,23,33,7,63,327,57,17,43,6,74,61,42,35,80,43,44,39,0,28,0
Bacteria_Firmicutes_Erysipelotrichia_Erysipelotrichales,41,30,0,0,0,0,16,0,10,0,0,0,0,0,0,0,6,8,0,0,0,0,0,0,8,0,11,0,0,0,0,0,0,0,0,0,9,0,6,5,4,0,5,5,7,9,7,0,0,5,0,0,0,4,5,4,0,23,0,2,0,0,0,0,0,6,0,0,0,0,3,0,0,0,2,3,0,0,0,10,9,0,0,6,0,9,0,0,0,0,0,0,2,0,3,0,13,7,4,0,13,0,2,0,14,8,0,11,0,0,0,0,3,0,0,0,0,0,3,0,0,5,0,3,0,4,0,0,0,4,4,0,0,34,0,5,0,0,6,0,5,0,0
Bacteria_Firmicutes_unclassified_unclassified,0,0,0,59,0,0,33,6,6,0,32,0,0,0,11,13,19,2,0,0,44,5,22,4,0,0,20,7,0,0,16,0,0,0,4,0,0,6,0,0,0,0,0,0,0,0,0,2,0,8,6,0,3,0,0,0,3,0,6,0,6,0,7,7,0,2,0,3,0,2,2,0,0,7,11,14,0,0,0,19,24,0,29,25,32,11,16,13,2,0,32,5,18,0,2,3,12,13,7,15,3,3,0,0,17,15,15,16,0,7,8,3,2,0,4,6,0,11,3,9,14,7,0,9,9,0,17,5,13,19,22,3,0,7,44,0,5,9,5,52,43,0,0
Bacteria_Fusobacteria_Fusobacteriia_Fusobacteriales,451,598,65,122,156,0,666,512,224,52,52,36,129,86,11,25,113,304,78,86,118,76,94,37,144,173,140,0,160,255,257,662,20,85,221,290,161,69,119,50,189,311,73,102,95,88,371,78,74,69,25,26,84,113,74,176,70,11,95,47,140,51,72,77,157,48,44,20,117,87,71,43,80,74,43,16,0,18,61,36,40,48,85,123,76,119,50,47,69,40,143,50,87,0,31,73,38,0,48,81,40,56,54,114,69,125,104,13,33,0,21,55,28,83,73,74,33,63,56,28,20,30,22,10,48,86,70,258,22,17,57,4,28,75,73,16,124,118,61,71,232,4,116
Bacteria_Gemmatimonadetes_BD2-11 terrestrial group_unclassified,15,0,0,0,15,4,0,5,0,6,4,0,0,0,0,0,11,0,0,48,30,0,0,11,0,0,8,0,0,6,0,4,57,65,10,5,0,0,0,0,0,0,19,0,25,11,0,58,0,3,0,0,0,0,9,4,12,9,0,0,0,0,0,0,0,0,3,6,0,11,19,8,5,0,0,9,0,0,0,22,29,0,31,3,0,10,0,4,6,25,39,0,0,96,0,0,5,0,0,0,0,0,0,9,8,0,15,0,0,0,0,0,0,0,11,45,0,0,29,0,0,0,0,4,0,0,0,198,50,0,0,0,0,4,0,0,0,4,8,97,56,0,57
Bacteria_Gemmatimonadetes_Gemmatimonadetes_Gemmatimonadales,0,0,0,0,0,0,0,0,0,0,0,0,0,0,0,0,0,0,0,0,0,0,0,0,0,0,0,0,0,0,0,0,0,0,0,0,0,0,0,0,0,0,0,0,0,0,0,0,0,0,0,0,0,0,0,0,0,0,0,0,0,0,0,0,0,0,0,0,0,0,0,0,0,0,0,0,0,0,0,0,0,0,0,0,3,0,0,0,0,0,0,0,0,0,0,0,0,0,4,0,0,0,0,0,0,0,0,0,0,0,0,0,0,0,0,0,0,0,0,0,0,0,0,0,0,0,0,0,0,0,0,0,51,0,0,0,0,0,0,0,0,0,0
Bacteria_Hydrogenedentes_Hydrogenedentia_Hydrogenedentiales,0,0,0,0,0,0,0,0,0,0,0,0,7,0,0,0,0,0,0,0,0,0,0,0,0,0,0,0,0,0,0,0,0,0,0,0,0,0,0,0,0,0,0,0,0,0,0,15,0,0,0,0,0,0,0,0,3,0,0,0,0,0,0,0,0,0,0,0,0,0,0,0,0,0,0,0,0,0,0,6,0,0,0,0,0,0,0,0,0,0,6,4,9,0,0,0,0,0,0,0,0,0,0,0,14,0,0,0,0,0,0,0,0,2,2,0,5,0,3,0,0,0,0,2,0,0,5,302,0,0,0,0,0,0,0,0,0,0,0,0,0,0,0
Bacteria_Kiritimatiellaeota_Kiritimatiellae_Kiritimatiellales,118,30,0,0,114,35,84,52,26,0,50,15,44,40,27,72,23,27,39,15,51,51,28,6,65,62,87,0,37,53,48,26,0,9,0,46,78,35,99,24,29,30,0,0,11,47,38,21,0,32,13,19,30,69,25,30,0,0,66,21,7,17,26,27,0,27,6,0,6,29,0,9,37,29,33,43,135,35,18,23,18,35,77,19,43,38,80,42,15,58,77,27,25,0,32,18,17,9,8,14,55,9,0,37,21,40,21,6,11,20,0,7,20,22,12,43,14,24,21,0,5,0,0,0,0,0,4,0,0,0,6,0,0,0,0,0,0,0,21,0,19,0,0
Bacteria_Kiritimatiellaeota_Kiritimatiellae_WCHB1-41,0,22,0,0,13,3,19,0,12,5,4,7,22,13,19,0,2,4,11,45,10,14,3,6,10,10,4,14,8,0,81,0,10,29,46,9,33,0,23,11,14,5,10,36,28,19,18,80,9,0,11,3,5,12,7,13,25,188,36,0,14,9,27,0,0,3,0,21,11,0,23,13,21,39,26,3,0,7,25,471,284,95,93,7,24,34,57,16,17,116,88,1081,477,0,78,5,0,3,4,13,0,5,5,297,175,23,39,3,0,9,0,0,0,49,55,96,284,0,39,0,12,13,5,0,3,5,0,229,194,25,18,7,0,29,22,0,26,58,19,96,53,7,0
Bacteria_Latescibacteria_unclassified_unclassified,0,0,0,0,0,0,0,0,4,10,0,0,0,0,0,0,0,0,0,0,0,0,0,0,0,3,18,0,4,0,0,0,0,4,3,0,0,0,0,0,0,2,0,9,6,0,0,0,0,0,0,0,0,0,0,0,36,20,0,0,0,0,0,0,0,0,6,25,26,0,0,2,0,2,0,0,0,0,0,13,13,0,0,0,0,8,7,0,0,0,13,9,43,0,0,2,0,0,0,3,0,0,9,39,21,0,0,0,0,0,0,0,0,3,4,7,18,0,0,0,0,0,0,0,0,2,0,0,5,0,0,0,0,0,0,0,0,2,0,42,21,0,0
Bacteria_Lentisphaerae_Lentisphaeria_Lentisphaerales,373,352,56,106,320,50,1919,205,176,48,148,166,237,423,137,135,336,335,97,66,225,420,193,29,252,297,363,192,273,331,394,339,47,93,210,218,362,141,300,46,213,194,23,3,109,173,313,78,63,46,88,44,48,42,92,59,30,62,84,92,60,52,119,95,540,130,48,43,29,70,50,116,175,169,94,147,0,152,71,68,50,157,229,83,175,141,342,199,106,167,149,161,226,3,157,90,67,111,111,285,150,76,60,145,96,238,52,77,35,60,96,33,85,66,115,278,92,24,120,25,11,47,18,38,76,71,46,9,49,55,107,30,89,77,106,71,238,73,124,165,101,71,36
Bacteria_Lentisphaerae_Lentisphaeria_Victivallales,57,34,0,0,4,7,57,20,46,26,57,70,76,72,39,37,33,47,25,55,83,45,24,23,14,13,20,46,0,21,12,13,76,127,13,9,10,6,16,11,32,19,16,0,48,13,56,53,19,13,17,13,11,11,13,5,24,31,25,7,24,20,15,6,0,34,19,11,0,36,19,35,73,64,49,42,117,15,30,107,93,41,195,21,69,87,75,20,0,0,112,128,163,0,79,55,7,66,39,47,13,26,26,32,42,68,102,11,9,0,30,3,56,25,54,176,131,11,122,0,0,15,12,5,7,0,5,0,61,11,21,7,0,20,24,20,23,24,40,71,57,27,0
Bacteria_Lentisphaerae_Oligosphaeria_P.palmC41,0,9,0,0,21,0,289,14,12,0,0,0,3,5,0,0,24,0,0,0,6,36,0,0,6,8,0,0,0,0,69,15,0,0,14,0,8,4,0,101,5,2,8,0,0,0,58,0,0,7,0,0,2,0,0,0,0,0,0,0,0,0,5,0,0,54,0,0,0,0,0,0,23,6,10,3,0,0,3,0,0,0,19,5,0,6,12,0,0,0,2,10,0,0,0,0,0,0,14,10,0,0,0,0,16,17,42,0,0,0,0,0,0,0,12,18,0,0,0,0,0,0,0,0,2,0,8,0,0,0,0,0,0,0,0,0,0,2,0,3,0,4,0
Bacteria_Lentisphaerae_Oligosphaeria_SS1-B-02-17,0,0,0,0,62,12,22,57,24,7,74,26,86,76,217,45,33,47,79,18,99,175,26,34,56,56,88,69,41,94,70,58,26,49,63,86,65,11,104,8,38,60,23,0,51,63,164,66,2,15,11,11,27,19,20,25,13,19,37,19,12,19,39,10,289,26,9,5,0,16,0,107,104,203,129,126,0,77,20,119,68,112,221,98,252,134,174,126,49,147,115,205,283,260,135,16,20,6,21,30,108,36,22,94,80,85,34,6,11,0,12,10,67,14,28,132,62,8,32,0,8,5,3,19,53,0,10,0,118,15,11,4,0,17,33,4,33,13,34,184,201,3,0
Bacteria_Lentisphaerae_unclassified_unclassified,0,20,53,0,0,0,10,20,32,15,19,39,16,30,21,13,17,38,77,13,0,57,6,13,89,52,0,9,86,60,0,44,12,18,49,96,44,46,92,36,66,52,11,0,14,59,18,22,8,5,5,8,3,5,9,0,14,9,10,12,4,11,12,14,0,19,13,7,9,17,16,83,12,101,9,11,0,48,55,16,12,17,127,59,74,8,92,103,43,55,66,0,88,0,54,10,11,0,7,18,3,18,5,21,0,13,25,13,15,8,7,21,20,41,10,23,12,0,19,3,6,7,12,5,10,8,0,0,5,6,0,0,0,13,24,8,14,16,12,15,0,12,20
Bacteria_Marinimicrobia (SAR406 clade)_unclassified_unclassified,0,158,105,27,227,64,34,38,17,53,64,22,79,61,47,11,9,27,29,0,29,41,0,9,36,48,110,19,26,29,35,11,0,0,10,75,37,26,23,14,43,19,0,0,10,25,39,17,12,22,0,23,11,24,19,0,0,0,44,5,16,7,14,19,0,0,5,0,0,9,10,0,25,0,0,0,0,7,7,0,5,0,11,4,6,8,9,16,0,0,7,0,21,0,0,3,0,5,0,0,14,0,0,13,16,9,13,10,6,8,5,8,0,0,10,10,5,4,0,2,20,2,0,0,5,7,0,0,0,8,11,0,0,3,14,0,3,3,0,8,0,10,0
Bacteria_Nitrospinae_P9X2b3D02_unclassified,0,98,0,0,0,0,0,5,0,0,0,0,0,0,0,0,0,0,0,0,0,0,0,0,0,0,0,0,0,0,0,0,0,0,0,0,0,0,0,0,0,0,0,0,0,0,0,0,0,0,0,0,0,0,0,0,0,0,0,0,0,0,0,0,0,0,0,0,0,0,0,0,0,0,0,0,0,0,0,0,0,0,0,0,0,0,0,0,0,0,0,0,0,0,0,0,0,3,0,0,0,0,0,0,0,0,0,0,0,0,0,0,0,0,0,0,0,0,0,0,0,0,0,0,0,0,0,0,0,0,0,0,0,0,0,0,0,0,0,0,0,0,0
Bacteria_Nitrospirae_NitrospiraNitrospirales,0,0,46,0,0,0,6,6,6,5,8,0,0,0,0,8,0,0,19,7,64,0,0,0,0,4,0,0,0,0,0,0,0,0,0,0,0,0,0,0,0,0,0,0,0,4,0,0,0,0,0,0,0,0,0,0,0,0,5,0,0,0,0,0,0,0,0,0,0,0,0,0,0,13,0,3,0,16,0,0,7,7,14,3,3,14,27,0,0,0,4,0,17,0,8,0,0,3,0,5,0,0,0,5,8,0,0,0,0,0,0,0,0,0,0,7,5,0,6,0,0,0,0,0,0,0,0,9,10,5,0,0,0,0,0,0,0,0,3,0,2,0,0
Bacteria_Omnitrophicaeota_Omnitrophia_Omnitrophales,0,56,0,0,0,0,0,0,0,0,0,0,0,0,0,0,0,0,0,0,0,0,0,0,0,0,0,0,0,0,0,0,0,0,0,0,0,0,0,0,0,0,0,0,0,0,0,0,0,0,0,0,0,0,0,0,0,0,0,0,0,0,0,0,0,0,0,0,0,0,0,0,0,0,0,0,0,0,0,0,0,0,0,0,0,0,0,0,0,0,0,0,0,0,0,0,0,0,0,0,0,0,0,0,0,0,0,0,0,0,0,0,0,0,0,0,0,0,0,0,0,0,0,0,0,0,0,0,0,0,0,0,0,0,0,0,0,0,0,0,0,0,0
Bacteria_Patescibacteria_Gracilibacteria_Absconditabacteriales (SR1),0,0,25,0,0,60,0,0,7,26,8,14,6,0,0,5,0,3,0,0,0,26,0,4,45,19,82,85,9,50,12,22,100,126,10,33,73,21,23,16,98,21,68,45,5,15,15,43,19,16,21,5,4,5,30,15,85,38,0,14,79,70,6,9,0,55,24,4,2,8,0,30,21,58,80,75,2154,6,16,39,27,0,3,205,101,4,18,16,2,0,37,18,0,0,0,23,71,53,28,60,18,0,0,0,9,0,14,4,20,0,0,11,10,0,0,0,0,0,4,39,22,44,32,7,26,0,5,0,0,2,19,92,0,10,6,6,10,8,0,9,0,0,0
Bacteria_Patescibacteria_Gracilibacteria_unclassified,0,121,50,99,93,8,0,26,20,20,3,3,8,34,0,107,44,83,0,31,59,8,5,3,333,165,148,141,125,68,119,80,251,188,46,30,50,65,40,180,168,86,225,187,38,33,83,108,157,135,72,47,65,158,165,159,241,76,28,35,229,88,39,21,757,20,44,39,47,130,42,120,120,61,93,47,247,7,37,56,47,4,17,261,96,29,15,103,201,67,6,52,3,0,25,235,124,101,69,142,122,29,48,0,0,27,2,78,28,48,86,73,26,0,2,13,3,0,3,97,119,153,133,88,76,75,61,0,0,59,36,154,25,273,86,244,79,23,13,11,0,35,3
Bacteria_Patescibacteria_Parcubacteria_unclassified,25,57,17,173,0,21,22,16,0,27,62,27,61,13,15,0,46,22,19,32,25,79,35,61,21,24,42,48,27,36,2,9,82,230,3,29,69,0,0,69,102,29,99,17,15,24,12,42,19,28,5,2,3,0,10,0,0,7,2,6,133,130,9,5,20,9,23,2,0,7,10,13,25,19,27,0,0,0,0,11,0,10,0,24,5,22,78,21,10,0,0,5,0,0,0,5,44,25,0,84,12,6,36,0,0,13,0,0,0,22,92,24,3,0,0,0,0,0,0,34,73,8,9,11,28,12,22,0,0,4,0,9,21,22,154,29,0,0,0,0,0,4,0
Bacteria_Planctomycetes_028H05-P-BN-P5_unclassified,0,0,55,0,0,13,3,26,29,7,13,0,0,0,9,0,9,6,9,12,0,29,34,40,9,13,29,9,16,0,6,11,8,5,17,5,8,7,17,6,33,10,7,7,7,2,0,25,0,15,30,13,17,11,10,7,14,11,0,3,4,3,36,20,172,0,0,0,30,15,6,0,25,5,17,8,0,17,6,30,16,0,45,15,14,12,8,10,17,0,18,12,11,0,11,32,12,9,0,8,9,14,20,0,21,11,0,9,9,9,27,4,14,0,7,8,0,20,6,11,0,13,8,8,0,13,10,0,0,17,0,0,0,4,10,4,8,29,12,22,0,12,0
Bacteria_Planctomycetes_BD7-11_unclassified,115,0,38,0,55,16,75,23,105,71,33,45,39,39,58,12,7,23,95,76,267,74,63,138,16,80,110,79,39,35,12,18,210,175,46,294,24,13,43,18,18,3,109,82,283,110,307,134,4,32,44,15,17,20,21,109,156,151,45,40,16,33,82,58,0,69,59,34,44,25,123,19,30,42,37,48,11,85,54,124,56,152,193,73,33,81,58,45,63,93,220,285,158,1199,162,12,0,20,46,86,22,73,30,19,69,62,55,14,3,30,11,10,24,34,54,65,105,10,53,14,6,114,44,52,14,61,42,310,95,126,62,24,16,47,76,31,33,89,30,88,63,48,29
Bacteria_Planctomycetes_OM190_unclassified,186,396,219,559,214,254,244,217,402,469,215,159,197,258,230,135,189,316,160,240,782,341,256,274,269,258,425,228,337,181,84,292,327,412,187,251,303,150,272,172,492,156,283,366,279,358,209,437,225,136,183,108,159,83,119,215,308,342,175,91,98,184,578,211,36,123,231,151,317,87,245,176,135,217,222,213,137,219,236,365,536,136,538,164,260,386,386,278,191,384,292,340,704,79,213,119,106,120,148,226,244,85,187,373,405,129,173,135,143,109,211,30,61,154,204,255,232,86,252,141,132,158,114,249,88,124,219,646,263,118,143,111,113,112,146,66,218,230,76,442,326,186,329
Bacteria_Planctomycetes_Phycisphaerae_C86,0,0,0,20,0,0,0,4,0,0,0,0,0,0,0,0,0,0,2,0,0,4,0,0,0,4,0,0,0,0,0,0,0,5,0,0,6,0,0,0,0,8,5,0,0,5,0,0,3,0,0,0,0,0,0,0,0,5,0,0,0,0,0,0,0,0,0,0,0,0,0,0,0,0,0,0,0,0,0,5,9,0,0,0,0,0,0,0,0,0,0,6,0,0,0,0,0,0,0,0,0,0,0,0,0,0,0,0,0,0,0,0,0,5,0,15,8,0,0,0,0,0,0,0,0,0,0,162,16,0,7,0,0,0,0,0,2,0,0,0,14,0,0
Bacteria_Planctomycetes_Phycisphaerae_mle1-8,56,0,0,0,0,0,0,2,6,3,0,8,4,0,0,0,0,0,4,11,94,2,12,8,0,0,8,0,0,0,0,5,9,18,0,0,3,0,4,0,17,4,6,0,13,17,0,17,0,0,4,0,0,0,0,4,18,5,6,5,0,0,0,0,0,4,10,10,11,15,6,0,0,0,0,0,0,4,0,50,17,0,20,2,7,0,0,3,0,0,0,24,14,0,0,0,0,0,0,4,0,0,0,59,23,0,11,0,0,0,0,0,0,0,2,13,14,0,10,0,0,0,0,0,0,0,0,0,15,0,0,0,0,0,4,0,0,0,8,0,0,0,0
Bacteria_Planctomycetes_Phycisphaerae_Phycisphaerales,725,445,193,340,1207,609,696,447,681,788,516,369,740,618,483,288,533,666,177,255,440,537,443,218,1408,869,1680,773,851,936,661,881,315,650,894,1161,1083,555,1113,639,1434,593,285,358,373,1119,909,793,700,501,531,530,632,573,702,882,399,549,890,268,295,351,1442,928,185,325,409,512,560,686,706,738,797,740,462,612,136,727,764,557,782,688,1202,610,890,1248,875,966,408,314,559,701,1041,55,517,466,347,314,321,613,643,352,717,683,585,847,335,310,396,236,444,221,296,251,412,322,264,730,277,597,543,696,461,754,575,432,528,525,578,539,515,494,187,425,620,530,522,560,285,346,152,602,1158
Bacteria_Planctomycetes_Phycisphaerae_S-70,0,0,0,0,0,0,0,0,0,0,0,0,0,0,0,0,0,0,0,0,0,0,0,0,0,0,0,0,0,0,0,0,0,0,7,0,0,0,0,0,0,0,5,0,0,0,0,12,0,0,0,0,0,0,0,0,0,12,5,0,0,0,0,0,0,0,0,0,0,0,0,0,0,0,0,0,0,0,0,0,0,0,0,0,0,0,0,0,0,0,3,0,0,0,0,0,0,0,0,0,0,0,0,4,10,0,0,0,0,0,0,0,0,0,0,0,4,0,0,0,0,0,0,0,0,0,0,0,21,0,0,0,0,0,0,0,0,0,0,0,0,0,0
Bacteria_Planctomycetes_Phycisphaerae_Tepidisphaerales,0,0,0,0,0,0,0,0,0,0,0,0,0,0,0,0,0,0,0,0,0,0,0,0,0,0,12,0,0,0,0,0,3,0,0,0,3,0,3,10,0,0,0,0,2,0,0,0,0,0,0,3,0,2,0,0,10,0,0,0,4,10,38,22,0,14,0,0,0,0,0,0,0,0,17,4,0,6,0,35,19,0,0,30,12,15,16,2,0,12,24,11,3,0,18,0,0,5,14,13,0,0,34,0,6,8,8,0,6,0,19,0,2,12,0,0,0,0,6,0,0,19,0,20,0,11,12,0,4,0,10,0,0,8,9,11,0,10,0,0,0,0,51
Bacteria_Planctomycetes_Pla3 lineage_unclassified,0,0,0,0,0,10,37,12,37,22,0,0,37,0,12,8,0,3,34,41,0,39,11,23,0,0,14,6,8,0,6,14,49,21,17,11,6,6,11,0,7,3,7,28,14,15,0,52,0,6,6,0,0,0,2,7,31,38,20,6,0,0,3,22,0,9,3,22,53,0,23,15,0,0,20,22,0,10,6,69,58,0,35,7,8,12,15,0,4,150,28,54,60,0,28,0,0,0,0,0,0,0,0,102,36,0,30,4,0,0,0,0,0,24,0,21,27,0,44,0,0,10,7,0,3,4,5,237,79,0,0,0,178,0,9,0,2,31,0,23,38,0,85
Bacteria_Planctomycetes_Pla4 lineage_unclassified,168,0,243,72,26,12,0,19,84,28,27,18,59,27,42,27,39,13,111,47,43,65,24,196,24,19,33,77,31,4,15,14,63,37,68,47,71,24,34,31,50,21,49,84,33,27,55,25,19,27,36,52,12,23,77,28,76,39,102,45,37,19,206,33,0,61,41,32,67,206,25,66,85,21,70,30,0,27,59,51,67,219,171,63,18,73,73,70,54,68,129,93,119,370,65,11,13,33,8,34,9,28,25,36,56,71,43,28,0,18,50,38,4,60,61,139,99,87,57,17,16,94,49,62,22,48,104,413,52,164,119,36,160,89,56,36,0,142,68,130,44,130,81
Bacteria_Planctomycetes_Planctomycetacia_Gemmatales,0,0,0,0,0,0,0,0,0,0,0,0,0,0,0,0,0,0,0,0,0,0,0,0,0,0,0,0,0,0,0,0,0,0,0,0,0,0,0,0,3,0,0,0,0,0,0,0,0,0,0,0,0,0,0,0,0,0,0,0,0,0,0,0,0,0,0,0,0,0,0,0,0,0,0,0,0,0,0,0,0,0,0,0,0,0,0,0,0,0,0,0,0,0,0,0,0,0,0,0,0,0,0,0,0,0,0,0,0,0,0,0,0,0,0,0,0,0,0,0,0,0,0,0,0,0,0,0,0,0,0,0,0,0,0,0,2,0,0,0,0,0,0
Bacteria_Planctomycetes_Planctomycetacia_Pirellulales,790,443,722,1194,715,296,510,368,349,344,276,240,646,351,465,348,357,342,269,269,616,362,137,406,568,360,572,441,440,451,238,417,299,445,306,416,410,287,527,410,538,367,240,275,182,359,256,732,359,311,294,309,396,313,383,289,376,335,387,77,412,366,568,683,343,208,353,315,319,128,286,874,1002,458,674,795,974,483,640,650,697,743,942,376,733,1167,811,992,583,807,821,667,880,111,587,413,377,658,569,853,435,309,241,559,492,305,297,433,448,499,895,447,254,297,803,522,389,306,405,568,915,497,277,812,715,289,599,710,720,568,271,676,330,443,273,363,437,426,223,894,410,468,543
Bacteria_Planctomycetes_Planctomycetacia_Planctomycetales,159,117,89,308,55,19,100,117,262,249,60,20,161,32,127,50,20,35,52,153,417,74,45,105,32,29,94,70,75,32,8,59,43,118,119,70,68,31,84,53,107,33,35,157,50,36,10,183,41,54,119,118,57,58,48,33,100,68,79,68,79,68,212,111,0,36,78,90,106,26,148,178,95,118,159,191,0,69,107,206,135,184,455,175,262,159,225,152,100,137,227,195,233,0,140,86,46,145,93,174,63,98,46,143,93,55,151,146,138,85,124,86,29,84,161,151,72,33,131,183,196,84,74,166,72,16,111,261,228,170,137,101,10,78,36,68,80,158,61,201,100,44,61
Bacteria_Planctomycetes_vadinHA49_unclassified,130,300,59,148,93,58,199,133,122,97,83,143,145,143,114,80,111,230,95,134,126,252,80,31,203,171,210,152,169,231,217,158,46,110,102,187,206,146,223,72,122,131,41,71,47,85,196,218,142,66,86,38,25,81,123,39,289,222,226,109,82,41,106,54,6,149,16,225,464,116,75,297,320,391,304,262,709,359,329,1175,1744,1692,1255,126,242,280,405,129,234,346,1351,2369,1745,684,640,90,43,57,86,50,90,184,250,918,661,396,549,53,20,68,146,6,47,185,244,291,287,16,418,4,24,57,47,42,88,68,188,1248,639,195,165,45,216,61,166,90,75,246,168,458,357,169,90
Bacteria_Planctomycetes_unclassified_unclassified,0,114,61,0,9,0,7,0,28,0,13,0,11,59,12,0,11,29,10,17,0,6,0,19,16,0,0,13,51,0,13,28,2,8,23,20,0,16,3,0,10,30,13,79,83,117,64,43,12,3,83,56,32,48,75,9,116,86,234,3,18,10,134,36,0,37,52,63,59,76,64,24,9,45,9,44,0,39,38,67,52,119,149,14,3,15,10,19,14,88,45,31,43,0,47,19,7,13,10,21,13,0,54,27,0,27,27,0,0,0,4,21,3,4,14,5,10,23,25,2,0,85,42,15,20,56,51,0,37,194,153,45,0,68,20,48,0,71,40,38,3,71,164
Bacteria_Proteobacteria_Alphaproteobacteria_Azospirillales,0,0,0,0,0,0,0,0,0,0,0,0,0,0,0,0,0,0,0,0,0,0,0,0,0,0,0,0,0,0,0,0,0,0,0,0,0,0,0,0,0,0,0,0,0,0,0,10,0,0,0,0,0,0,0,0,0,0,0,0,0,0,0,0,0,0,0,0,0,0,0,0,0,0,0,0,298,0,0,0,0,0,0,0,0,0,0,0,0,0,0,0,0,0,0,0,0,0,0,0,0,0,0,0,0,0,0,0,0,0,0,0,0,0,0,0,0,0,0,0,0,0,0,0,0,0,0,0,0,0,0,0,0,0,0,0,0,0,0,0,0,0,0
Bacteria_Proteobacteria_Alphaproteobacteria_Caulobacterales,418,446,429,627,542,413,717,500,1081,772,533,540,911,520,1636,468,661,638,372,377,338,753,413,910,1701,2283,1945,2212,3024,2178,1003,1791,1682,2113,2416,1207,1741,1177,2470,3523,2594,1622,1395,831,1458,1367,602,1678,3781,2394,2671,2077,3366,2181,3349,3584,1989,2457,2958,1622,1484,1810,4131,3348,1336,1464,1979,1490,1712,1872,2335,2438,2379,860,1799,1989,3174,1973,2669,1198,2575,2088,2248,2522,1252,2852,1823,1874,889,469,963,925,1049,1021,1850,2053,1510,1613,1477,3624,2038,2665,4298,1202,1159,2743,911,1860,1092,3137,3470,780,727,967,1670,508,610,3299,1820,1653,2019,2078,1097,2785,2085,3084,2791,528,1093,1738,3224,1568,587,2464,3172,2362,1255,2196,1120,644,253,1955,4673
Bacteria_Proteobacteria_Alphaproteobacteria_Kordiimonadales,44,8,22,70,42,0,21,19,57,18,106,42,81,22,114,127,0,32,194,44,140,63,62,186,26,49,19,82,7,133,22,98,239,361,104,132,36,18,23,15,16,49,194,344,289,234,28,285,101,70,100,51,42,81,75,70,397,317,390,63,49,39,14,22,145,102,121,313,143,19,669,34,0,0,0,0,1300,22,25,114,49,130,231,77,0,28,19,60,35,150,100,54,10,243,188,16,0,0,10,35,39,66,14,132,157,32,312,45,29,11,0,5,18,0,104,16,43,9,219,19,0,21,42,73,23,25,103,134,38,394,2733,33,199,0,41,47,38,286,106,50,34,57,2570
Bacteria_Proteobacteria_Alphaproteobacteria_Micavibrionales,75,3,144,330,83,122,181,204,171,182,93,43,127,152,418,29,81,148,60,73,200,112,132,91,461,433,507,443,530,663,208,647,470,399,621,229,398,130,258,381,985,423,325,206,480,449,101,636,953,585,563,336,692,444,683,967,835,722,638,114,394,381,619,533,826,279,746,625,766,720,606,520,406,132,271,197,0,342,659,241,433,220,160,206,62,414,182,357,524,0,182,339,280,831,186,432,323,284,292,418,416,964,930,374,342,261,284,327,229,192,402,137,138,192,414,58,99,120,197,444,491,585,381,406,288,432,480,0,536,360,568,398,392,481,398,481,413,511,185,186,45,252,694
Bacteria_Proteobacteria_Alphaproteobacteria_NRL2,0,0,0,0,8,0,7,6,18,21,0,0,0,0,0,0,18,0,0,0,0,22,31,11,0,0,0,0,0,0,0,0,0,0,0,0,0,0,0,0,4,0,0,0,0,0,0,0,0,0,0,0,0,0,0,0,4,0,0,0,0,0,0,0,0,0,0,0,0,0,0,0,0,0,0,0,0,0,0,9,0,0,0,0,0,0,0,0,0,0,0,0,0,0,0,0,0,0,0,0,0,0,0,9,0,4,0,0,0,0,0,0,0,0,0,0,3,0,0,0,0,0,0,0,0,0,0,0,8,0,0,0,0,0,0,0,0,0,0,0,0,0,0
Bacteria_Proteobacteria_Alphaproteobacteria_Paracaedibacterales,0,0,0,0,0,0,0,0,0,0,0,0,0,0,0,0,10,0,0,0,0,0,0,0,0,0,0,0,0,0,0,0,0,0,0,0,0,0,0,0,0,0,0,0,0,0,0,0,0,0,0,0,0,0,0,0,0,0,0,0,0,0,0,0,0,0,4,0,0,0,0,0,0,0,0,0,0,0,56,0,0,0,0,0,0,0,0,0,0,0,6,0,0,0,0,0,0,13,0,0,0,0,0,0,0,0,0,0,0,0,0,0,0,0,0,0,0,0,0,0,0,0,0,0,0,0,7,0,0,0,0,0,0,0,0,0,0,0,0,0,0,0,0
Bacteria_Proteobacteria_Alphaproteobacteria_Parvibaculales,15,11,11,124,20,14,45,68,146,78,105,23,28,40,197,41,9,17,66,12,61,59,44,38,39,55,110,189,78,21,35,60,77,0,85,51,235,73,171,506,88,81,70,38,50,14,31,16,139,197,124,169,160,177,256,528,52,92,192,202,99,132,484,189,59,56,49,52,35,413,36,215,176,49,100,64,0,298,384,74,233,162,491,252,93,259,89,134,84,0,142,44,88,63,156,42,100,92,107,37,234,216,679,85,27,662,137,209,130,289,331,61,74,92,172,84,61,0,290,213,181,153,8,42,195,343,364,264,119,777,453,244,181,139,393,147,88,121,139,171,94,88,708
Bacteria_Proteobacteria_Alphaproteobacteria_Puniceispirillales,15,44,92,72,175,53,116,37,135,154,116,77,141,100,144,83,62,85,44,43,177,117,73,27,61,74,141,46,54,68,63,34,18,48,33,110,97,38,70,4,34,38,23,25,25,25,55,77,30,7,25,28,12,34,25,33,36,35,44,22,18,20,23,27,0,24,9,22,13,26,27,0,46,25,5,9,0,9,14,63,44,9,41,21,26,13,54,24,4,53,36,41,21,332,17,17,15,0,7,23,30,14,8,59,47,42,34,18,23,8,3,10,7,6,32,58,16,0,27,4,23,15,4,10,22,5,6,14,49,6,16,9,276,26,51,9,23,2,6,52,40,5,35
Bacteria_Proteobacteria_Alphaproteobacteria_Rhizobiales,291,478,392,363,275,245,343,327,710,333,258,249,514,169,836,404,313,312,170,190,650,459,396,494,828,988,1378,1255,1224,857,330,587,1179,1454,987,558,808,307,1024,1959,923,693,727,539,928,730,558,1146,2222,1777,1382,1231,1124,1345,1441,1983,1444,1338,1206,409,832,723,1424,2323,757,635,994,1070,924,1079,1214,2361,3113,830,1424,1449,2683,1182,1798,918,1249,864,877,1018,838,1510,965,2109,1366,586,754,788,762,1250,676,1872,1707,1705,1818,2315,1407,1995,1914,852,861,1036,792,1491,1407,2333,2382,1930,1490,792,1440,1051,892,354,656,2723,2902,2170,1056,2796,1902,1282,1632,1840,1271,1302,1722,1533,1990,1705,1844,2530,2336,1618,925,939,683,985,2304
Bacteria_Proteobacteria_Alphaproteobacteria_Rhodobacterales,2918,1463,2154,3126,2678,3876,4464,2515,5399,5020,2518,2338,4561,2273,3049,2613,3790,3712,1889,2092,3567,3636,3520,3896,6756,7291,7887,11659,8757,7780,3561,7340,9691,10105,9365,4280,7702,4060,6348,8637,13986,7288,8811,4191,8182,7558,2322,9862,8574,10661,9993,8267,6636,7325,8894,12243,9768,11237,10150,5461,5306,7862,11718,12212,6782,5335,10540,6730,6254,9526,11532,7376,7782,2642,7184,6222,2632,5543,6252,8661,12103,6974,6190,8832,6046,8195,5235,7998,5500,2361,5875,5262,4511,2065,5391,6055,4904,5511,5422,8106,6813,6695,8420,7430,6780,6035,3694,8375,6316,6481,8607,3391,5153,4620,6280,3398,4272,3039,6632,8449,7852,7196,4222,8049,7506,4238,7138,4263,4523,5343,10208,7601,5537,6986,6762,8067,5871,8785,4562,4220,1732,5907,17831
Bacteria_Proteobacteria_Alphaproteobacteria_Rhodospirillales,219,75,273,371,131,133,228,88,1351,545,353,288,1372,143,148,164,103,157,766,477,190,526,170,722,162,192,429,325,282,225,127,153,2954,1531,525,490,226,125,256,180,297,126,3468,3004,4276,1692,155,3397,206,306,428,291,142,220,1713,530,2075,4092,1316,157,115,116,533,610,400,2259,5980,3735,2079,303,4122,101,91,74,68,33,0,179,248,2881,1451,123,254,43,61,100,75,52,127,321,761,2199,1457,0,195,29,18,44,28,60,27,837,364,911,1182,92,308,55,52,716,426,2,65,349,591,340,595,161,233,201,38,315,229,184,551,1184,2574,923,533,544,2280,267,256,1135,3207,199,135,1013,658,262,131,223,6792
Bacteria_Proteobacteria_Alphaproteobacteria_Rhodovibrionales,35,82,92,117,143,65,123,117,380,246,60,93,161,131,88,80,86,363,162,175,242,210,133,187,105,270,178,920,179,142,78,164,360,394,201,208,590,323,135,75,211,100,110,173,178,386,114,462,215,1222,372,352,152,145,249,316,229,462,702,180,177,253,159,76,0,137,149,171,201,704,409,911,240,228,296,112,0,175,291,430,793,941,769,981,752,290,330,347,159,181,422,254,377,7,527,85,116,156,168,81,161,194,324,701,542,269,411,287,181,124,118,30,94,410,365,475,319,87,407,56,116,117,30,29,179,171,213,881,927,269,289,89,28,130,92,63,98,456,317,944,929,80,481
Bacteria_Proteobacteria_Alphaproteobacteria_Rickettsiales,141,0,38,0,8,19,47,16,29,34,80,11,36,60,16,26,11,16,78,46,187,114,104,117,66,54,117,119,98,85,27,59,182,143,67,62,30,22,5,18,192,57,304,222,248,132,39,87,150,62,63,20,76,59,106,157,149,64,84,50,82,45,550,170,0,36,36,94,81,41,224,39,76,12,21,12,226,44,68,55,118,37,49,9,3,43,28,52,9,140,38,57,31,0,38,30,30,54,48,90,35,156,62,14,42,69,41,17,29,67,85,23,0,20,59,39,33,0,58,42,27,53,12,54,71,44,106,115,15,14,101,38,32,46,54,31,35,33,35,11,6,28,155
Bacteria_Proteobacteria_Alphaproteobacteria_SAR11 clade,207,661,347,83,331,213,164,46,281,276,313,340,558,241,421,139,193,87,82,341,552,255,81,135,105,86,225,113,108,136,83,127,8,0,67,192,188,13,107,39,12,62,17,12,2,59,57,56,99,16,0,44,136,92,87,43,7,16,42,45,49,12,108,110,85,45,33,70,55,52,33,24,92,70,0,29,0,28,4,102,0,19,70,82,34,47,87,18,58,99,39,56,42,0,134,50,31,0,15,44,76,50,62,115,99,120,103,49,41,0,71,23,18,14,60,83,26,10,58,15,21,9,27,41,23,18,20,0,37,0,35,18,58,37,68,22,20,0,20,3,0,25,55
Bacteria_Proteobacteria_Alphaproteobacteria_Sneathiellales,0,0,0,0,0,0,0,0,0,8,0,0,0,8,0,6,0,8,0,0,0,0,0,0,0,0,0,0,0,0,0,0,0,0,0,0,0,0,0,0,0,0,0,0,0,0,0,0,0,0,0,0,0,0,0,0,0,0,0,0,0,0,5,4,0,5,0,0,0,0,0,0,0,0,0,0,0,0,0,0,0,0,0,0,0,0,0,0,0,0,0,0,0,0,0,0,0,0,0,0,0,0,0,0,0,0,0,0,0,0,0,0,0,0,0,0,0,0,0,0,0,0,0,0,2,0,0,0,7,2,0,0,0,0,0,0,0,0,0,0,24,0,0
Bacteria_Proteobacteria_Alphaproteobacteria_Sphingomonadales,472,189,330,340,515,251,634,404,292,416,161,157,755,356,642,221,559,496,186,116,250,229,195,445,875,977,439,959,929,965,382,1044,384,497,1072,281,685,390,1045,1520,1732,721,395,220,554,339,188,626,1119,1144,632,412,1221,764,807,1388,838,753,1063,325,475,662,3475,1951,378,420,676,516,301,539,910,1356,1233,513,1340,1146,130,585,711,803,1650,740,470,1487,1008,1915,1330,1458,718,237,307,421,312,0,744,1244,1032,1512,1158,1829,894,708,1005,958,551,664,369,1615,1014,1306,1670,958,573,405,553,354,310,360,840,1310,1362,1181,727,1446,1271,404,960,137,510,501,1460,1536,1209,1221,1530,1571,867,1075,518,407,88,771,4215
Bacteria_Proteobacteria_Alphaproteobacteria_Thalassobaculales,9,0,86,44,15,30,45,33,69,19,61,0,97,69,39,18,13,96,13,73,0,101,64,44,14,49,71,292,40,83,28,49,209,179,147,79,149,64,62,39,62,25,54,64,92,155,37,234,64,55,98,94,16,34,134,86,130,177,159,0,24,41,82,61,12,121,241,137,94,59,279,90,80,27,89,41,0,38,45,309,310,113,171,281,52,222,113,143,61,0,268,227,251,0,145,32,48,12,60,46,16,31,103,362,207,66,234,48,26,225,83,12,6,137,266,181,213,36,133,9,21,34,31,72,44,66,52,208,524,61,158,13,76,63,130,9,0,269,152,459,381,46,325
Bacteria_Proteobacteria_Alphaproteobacteria_Tistrellales,0,27,0,60,20,6,10,6,6,3,32,6,3,14,10,8,4,0,7,0,0,25,6,3,3,13,0,0,0,5,6,0,22,0,43,17,11,0,5,0,0,0,56,25,43,50,0,40,0,0,0,0,0,0,3,3,22,20,0,0,7,0,7,0,0,3,15,15,60,0,15,0,0,7,3,0,0,3,0,33,24,0,6,6,0,21,0,7,0,0,86,109,92,244,2,0,0,10,0,12,0,16,0,58,44,28,6,0,0,7,25,0,0,44,76,46,69,4,10,4,0,0,0,6,0,0,5,0,26,0,0,10,0,6,8,8,7,9,8,87,34,8,78
Bacteria_Proteobacteria_Alphaproteobacteria_unclassified,404,120,309,249,338,320,374,259,325,235,171,386,419,271,384,318,407,367,198,186,355,367,283,235,921,1241,1759,1986,1563,841,568,970,1602,2457,1426,1045,1275,691,886,981,1933,704,3108,1789,1226,1492,989,1028,1570,1203,1088,923,832,1022,1666,1982,1228,1337,1681,1051,914,558,1567,1415,1021,856,1048,1119,1296,1854,1359,555,737,366,655,701,3467,1165,2367,812,1234,1634,941,622,299,639,436,1250,423,306,537,703,571,262,506,908,485,339,418,738,748,2080,3214,1316,717,1703,774,369,323,563,1011,606,202,526,861,1002,781,1199,764,518,702,1238,1070,636,607,1160,1259,1187,1048,1903,1508,431,495,771,674,747,679,955,694,849,873,516,2169
Bacteria_Proteobacteria_Deltaproteobacteria_Bdellovibrionales,650,311,161,537,1034,443,578,418,421,442,277,323,825,654,470,413,503,657,305,329,603,509,199,333,1094,1088,2009,1214,1272,946,673,890,888,1338,764,1338,1135,500,1057,531,1033,797,855,540,929,933,669,898,659,389,406,413,588,519,513,408,768,701,968,229,465,416,672,1010,756,375,465,445,648,539,810,589,756,562,613,561,692,336,244,524,748,376,504,662,852,922,1008,605,629,506,435,598,607,99,581,714,517,602,717,797,647,348,335,391,485,579,436,442,462,510,351,329,260,218,435,364,327,234,700,557,480,584,455,312,624,288,396,1313,512,346,351,397,317,671,654,595,517,546,316,217,159,394,885
Bacteria_Proteobacteria_Deltaproteobacteria_Bradymonadales,441,70,187,97,305,119,226,243,278,191,188,147,475,328,242,145,342,441,208,144,44,471,100,72,544,529,993,574,634,587,312,343,63,133,243,578,601,388,554,315,597,364,210,124,163,437,446,186,613,562,415,326,312,516,362,265,232,132,407,155,488,476,659,725,408,74,112,160,131,272,423,221,324,230,276,179,1082,121,103,168,201,189,223,391,469,185,218,307,370,465,181,117,196,0,114,129,124,165,88,226,176,112,108,83,90,204,155,185,220,168,122,54,107,66,118,73,56,91,147,200,241,283,235,195,358,209,418,286,47,185,155,270,133,413,221,117,311,169,168,44,41,192,0
Bacteria_Proteobacteria_Deltaproteobacteria_Desulfarculales,0,0,0,25,0,0,0,0,4,0,0,0,0,0,6,0,0,6,0,7,0,0,0,0,0,0,0,0,4,3,0,0,0,5,0,0,0,0,0,0,0,0,0,0,0,0,0,2,0,0,0,0,0,0,0,0,0,4,0,0,0,0,2,0,0,0,0,0,0,0,0,6,0,0,0,0,0,0,0,7,0,0,0,0,0,7,0,0,0,0,0,7,11,0,0,0,0,0,0,0,0,0,0,18,0,4,0,0,0,0,0,0,0,0,7,8,6,0,0,0,0,0,0,0,0,0,0,0,9,0,0,3,0,0,0,0,0,0,0,8,9,3,0
Bacteria_Proteobacteria_Deltaproteobacteria_Desulfobacterales,46,45,0,87,82,0,86,100,50,47,40,65,80,60,31,37,30,63,86,101,124,123,52,60,23,29,72,24,37,44,24,16,9,21,14,57,51,23,37,0,27,36,26,9,12,27,27,27,21,20,0,6,13,19,31,13,16,28,27,11,20,20,19,0,0,62,221,10,4,11,0,30,34,66,55,53,0,12,19,56,102,55,146,40,43,104,68,33,51,0,145,113,114,0,89,9,16,23,13,21,38,32,16,136,47,46,43,28,30,14,19,7,8,58,73,64,59,6,51,5,4,20,0,35,0,40,11,0,61,20,37,25,0,2,37,15,38,93,58,61,55,21,113
Bacteria_Proteobacteria_Deltaproteobacteria_Desulfovibrionales,0,0,0,0,0,0,13,0,0,8,0,5,5,0,6,0,0,12,0,8,0,26,8,0,3,0,10,3,0,3,0,0,0,0,7,0,0,0,12,0,7,0,9,75,92,52,0,125,0,0,0,0,0,0,0,5,100,56,3,25,0,0,0,0,0,3,198,316,300,0,34,0,0,0,0,0,0,0,46,13,17,0,3,3,11,7,9,7,0,0,10,30,0,0,11,0,0,0,2,0,0,0,0,25,30,16,0,0,0,0,3,0,0,16,2,0,37,6,4,0,0,0,5,0,0,16,25,0,9,0,0,0,0,25,0,0,0,7,7,0,0,0,127
Bacteria_Proteobacteria_Deltaproteobacteria_Desulfuromonadales,0,0,5,0,0,0,0,0,0,0,0,0,0,0,0,0,0,0,0,0,0,0,0,0,0,0,0,0,0,0,0,0,0,0,0,0,0,0,0,0,0,0,0,0,0,0,0,0,0,0,0,0,0,0,0,0,3,0,0,0,0,0,0,0,6,0,44,0,0,0,0,0,0,0,0,0,354,0,0,0,0,0,0,0,0,0,0,0,0,0,0,23,0,0,0,0,0,0,0,0,0,0,0,0,0,0,0,0,0,0,0,0,0,0,0,0,3,0,0,0,0,0,0,0,0,0,0,0,0,0,0,0,0,4,5,0,0,0,0,0,0,0,0
Bacteria_Proteobacteria_Deltaproteobacteria_MBNT15,0,0,0,0,0,0,0,0,0,0,0,0,0,0,0,0,0,0,0,0,0,0,0,0,0,0,0,0,0,0,0,0,0,0,0,0,0,0,0,0,0,0,0,0,0,0,0,0,0,0,0,0,0,0,0,0,0,0,0,0,0,0,0,0,0,0,0,0,0,0,0,0,0,0,0,0,0,0,0,0,0,0,0,0,0,0,0,0,0,0,0,0,0,0,0,0,0,0,0,0,0,0,0,0,0,0,13,0,0,0,0,0,0,0,0,0,10,0,0,0,0,0,0,0,0,0,0,0,21,0,0,0,0,0,0,0,0,15,0,20,20,0,0
Bacteria_Proteobacteria_Deltaproteobacteria_Myxococcales,294,666,236,303,405,473,476,426,605,694,271,373,499,926,575,365,415,567,332,383,1046,1324,356,607,336,403,738,515,454,434,257,488,759,868,371,638,567,319,325,344,2380,365,451,412,624,1451,467,1049,567,460,367,425,220,451,830,527,821,969,884,368,294,380,1521,1050,17,341,725,501,698,363,828,495,576,448,660,516,0,618,754,1271,1189,1167,896,647,478,1270,1073,468,414,914,917,1301,1889,965,1183,245,202,384,282,448,295,617,488,1296,1152,482,977,236,656,572,764,210,141,855,1092,1248,833,341,691,285,414,503,479,428,371,753,757,2283,924,442,879,186,156,422,679,595,446,798,839,1112,822,1060,1215
Bacteria_Proteobacteria_Deltaproteobacteria_NB1-j,116,26,0,97,92,27,18,69,56,57,49,46,31,57,24,37,18,124,80,29,186,80,18,53,36,35,64,36,51,26,24,69,41,94,34,45,61,15,28,13,23,34,32,30,11,50,37,51,5,0,0,6,4,9,19,26,14,25,11,10,0,0,0,7,0,21,9,0,0,9,5,83,94,68,41,53,0,37,46,129,60,32,129,45,54,81,60,175,20,95,67,123,133,55,76,24,13,0,33,0,27,0,0,196,152,24,105,0,0,11,22,3,0,22,47,125,64,10,20,3,8,0,0,7,5,0,10,384,177,0,0,0,0,0,17,0,0,71,15,307,308,11,55
Bacteria_Proteobacteria_Deltaproteobacteria_Oligoflexales,474,242,126,79,297,65,392,165,143,181,116,252,268,355,345,167,164,176,154,110,422,325,94,210,541,376,567,155,250,424,309,358,84,53,145,295,354,220,477,183,167,230,16,49,53,129,238,216,62,82,28,19,61,68,41,82,50,18,100,3,75,42,51,61,719,16,38,14,28,24,59,70,76,85,133,147,0,46,27,80,47,134,120,64,168,141,127,70,176,12,57,82,108,0,64,141,119,68,111,279,112,24,73,87,79,118,94,74,22,100,95,54,129,59,142,76,60,19,188,45,111,64,27,64,76,56,40,177,17,55,53,28,0,19,93,76,109,64,36,65,47,20,104
Bacteria_Proteobacteria_Deltaproteobacteria_PB19,57,3,42,78,201,98,11,37,144,1287,137,80,122,55,66,47,33,186,93,140,69,144,132,114,71,74,183,183,180,58,7,35,125,147,92,99,119,51,95,103,108,60,75,82,52,138,52,44,177,327,98,120,64,95,101,98,108,75,166,65,70,70,88,135,0,76,64,67,93,112,148,78,126,79,77,129,65,74,76,86,65,130,211,107,39,77,85,30,145,239,83,153,114,59,49,41,37,42,34,48,67,13,32,137,171,105,83,104,161,53,109,33,61,55,33,126,88,31,110,47,54,321,109,73,41,79,145,0,60,57,60,137,246,84,75,47,50,85,49,47,33,62,62
Bacteria_Proteobacteria_Deltaproteobacteria_RCP2-54,0,0,0,0,0,0,0,0,0,0,0,0,0,0,0,0,0,0,0,0,0,0,6,0,0,0,0,0,0,0,0,0,0,0,0,0,0,0,0,0,0,0,0,4,0,0,0,7,0,0,0,0,0,0,0,0,0,0,0,0,0,0,0,0,0,0,0,0,0,0,0,0,0,0,0,0,0,0,0,0,0,0,0,0,0,0,0,0,0,0,0,0,0,0,0,0,0,0,0,0,0,0,0,30,0,0,0,0,0,0,0,0,0,0,0,17,8,0,0,2,0,0,0,0,0,0,0,0,24,0,0,0,0,0,0,0,0,0,0,23,26,0,0
Bacteria_Proteobacteria_Deltaproteobacteria_SAR324 clade(Marine group B),0,0,186,41,33,185,2,4,22,73,46,25,78,53,75,39,12,33,62,64,97,175,26,49,0,23,44,198,14,22,3,2,70,57,70,3,28,31,5,69,15,25,61,43,30,15,3,107,12,19,37,43,11,11,16,26,74,86,149,32,44,64,100,23,0,81,77,104,77,2,65,13,32,117,211,34,0,13,71,104,130,94,92,173,65,78,47,78,24,185,114,264,138,356,92,8,9,46,51,72,89,398,48,111,128,27,78,55,36,22,71,39,23,33,43,148,56,16,188,29,35,34,29,107,54,28,44,853,186,36,109,93,0,51,35,71,16,60,28,130,367,23,266
Bacteria_Proteobacteria_Deltaproteobacteria_Syntrophobacterales,0,21,0,0,16,0,7,15,0,0,0,3,0,0,0,0,0,0,0,0,0,0,0,0,0,0,12,0,0,0,0,0,0,0,0,0,0,0,0,0,0,0,0,0,0,0,0,0,0,0,0,0,0,0,0,0,0,0,2,0,0,0,0,0,0,0,0,0,0,0,0,0,4,0,0,5,0,0,0,0,0,8,0,0,0,0,4,0,0,0,0,0,5,0,0,0,0,0,0,0,0,0,0,4,11,0,0,0,0,3,0,0,0,0,0,0,3,0,0,0,0,0,0,0,0,0,0,0,0,0,0,0,0,0,0,0,0,0,0,0,0,0,0
Bacteria_Proteobacteria_Deltaproteobacteria_unclassified,0,0,5,0,4,15,3,13,67,16,0,7,14,0,0,0,0,28,14,0,0,0,0,0,0,4,20,13,11,0,5,0,14,8,8,5,5,21,0,16,0,0,4,16,15,20,47,28,0,10,16,22,2,5,22,5,18,29,19,0,9,23,0,8,0,28,12,4,18,29,26,58,54,23,36,10,0,13,13,43,25,21,49,30,22,15,5,0,0,0,10,8,23,0,95,2,4,8,11,3,13,7,0,26,33,3,32,30,15,0,4,2,3,0,7,36,28,20,22,0,5,23,4,0,8,0,60,43,7,14,38,10,0,5,8,4,0,0,24,44,7,0,0
Bacteria_Proteobacteria_Gammaproteobacteria_Alteromonadales,1891,1119,4783,3012,1358,733,1614,1067,3444,7152,1632,1301,2908,2622,2931,2310,2044,3047,911,894,2706,2018,1053,1388,5220,5200,7244,9269,4293,10562,3378,3099,1631,3268,3575,4409,8105,5548,8240,6837,6038,7168,1148,1605,2297,2521,4130,1511,7903,12485,7778,7712,15918,6292,7570,4922,1236,1699,4168,3965,9360,8845,20755,9398,19848,2019,2417,2327,3337,3178,6682,6743,4012,3012,3870,2250,1607,1578,1803,1522,1323,3179,3564,6178,7150,8975,5123,3027,9353,1591,1874,1079,899,2177,14645,6413,6639,7256,5153,5637,6664,3442,4635,1868,913,3623,2099,9734,13507,3675,4275,3712,10218,1199,1295,792,1035,442,1944,7249,8400,11021,7757,6042,6028,2855,5347,882,362,5597,7411,13995,13840,3954,5315,4704,7330,4065,2422,1454,1929,4396,2929
Bacteria_Proteobacteria_Gammaproteobacteria_Arenicellales,572,234,239,765,274,139,489,283,314,322,113,251,347,235,474,302,286,365,413,264,206,295,294,677,417,544,508,613,406,345,179,406,444,545,489,449,265,251,257,241,748,321,182,437,290,345,338,385,331,422,378,283,475,295,350,284,226,288,417,172,243,296,229,311,384,258,288,284,337,825,542,437,1265,501,907,338,0,189,141,515,493,296,444,512,327,231,365,869,991,74,350,271,362,0,278,911,1344,1659,978,1646,971,438,1199,575,384,745,319,491,756,178,314,988,2306,240,324,685,543,868,489,727,555,658,638,380,254,129,327,189,360,677,257,442,16,138,179,972,570,517,467,892,450,505,535
Bacteria_Proteobacteria_Gammaproteobacteria_AT-s2-59,0,0,0,52,30,9,23,12,8,14,20,61,19,9,29,24,31,34,28,29,33,126,24,37,0,9,0,51,0,10,19,0,42,74,0,0,0,6,34,21,14,0,69,68,55,22,0,163,0,0,0,0,0,0,0,0,36,40,8,11,7,0,0,11,0,46,59,15,52,0,7,0,14,0,26,51,0,0,33,175,187,0,70,0,27,71,33,37,19,63,39,204,183,0,84,0,0,0,3,16,10,12,27,308,208,0,31,19,7,22,11,0,0,73,51,161,88,0,64,0,0,0,0,0,0,0,12,28,280,0,0,0,0,8,0,0,0,34,25,335,496,10,55
Bacteria_Proteobacteria_Gammaproteobacteria_BD7-8,17,57,0,0,77,22,40,29,47,40,25,54,0,0,35,0,0,9,74,66,0,55,38,71,0,0,0,19,0,0,46,30,12,64,0,0,16,0,14,21,0,30,0,53,0,0,0,108,15,0,0,0,0,0,10,39,44,0,30,0,11,0,38,0,4,0,0,0,9,0,0,0,34,56,0,0,0,26,0,0,41,26,153,0,0,78,47,0,31,0,98,99,146,0,123,21,0,0,40,45,29,0,65,354,212,0,72,0,12,16,0,0,16,14,106,249,190,0,49,0,0,0,0,4,49,15,0,607,421,0,0,23,0,14,0,0,9,85,138,546,579,42,0
Bacteria_Proteobacteria_Gammaproteobacteria_Beggiatoales,0,0,0,0,0,0,0,0,12,36,0,0,0,0,0,0,0,0,0,0,0,0,0,13,0,8,0,4,0,0,0,0,32,18,0,0,10,0,0,12,6,9,0,22,42,10,0,50,39,10,35,0,0,23,379,139,23,397,52,3,0,0,130,95,0,8,55,171,145,57,49,4,0,0,6,2,0,27,290,36,14,15,0,0,0,3,9,0,0,0,43,0,17,0,0,0,0,0,0,0,0,842,538,0,11,0,0,5,0,0,22,0,0,12,45,0,7,3,0,0,0,0,28,0,3,1044,984,0,0,403,187,8,0,333,334,10,0,173,167,0,0,20,168
Bacteria_Proteobacteria_Gammaproteobacteria_Betaproteobacteriales,0,0,0,0,0,5,14,0,0,12,12,11,12,0,5,0,7,8,17,7,0,14,0,4,33,6,4,0,0,0,29,33,14,19,0,0,125,7,0,21,22,19,0,5,0,0,0,13,5,13,0,0,0,3,0,0,0,0,0,0,0,0,28,4,108,4,0,0,0,3,193,8,6,26,11,0,1600,12,9,19,17,0,11,8,7,19,0,0,0,0,13,0,7,0,23,6,8,0,9,9,4,3,4,28,10,0,0,0,0,54,9,0,0,0,14,22,11,0,10,3,0,0,0,0,11,6,0,277,34,7,2,20,0,29,51,0,8,0,15,53,62,6,56
Bacteria_Proteobacteria_Gammaproteobacteria_Cellvibrionales,1847,2309,995,2325,1602,1311,2331,2258,4450,2864,1497,1746,2800,3132,1922,1469,1242,2224,1906,1855,2262,3182,1908,2715,1852,1615,2520,3342,2904,1925,1741,2970,3914,4954,2575,2474,1924,1011,2156,2348,2617,1480,3314,3124,2668,2819,1329,6730,1729,2015,2558,1720,2095,2278,2460,3030,4047,4590,3350,1553,1427,1633,2457,2062,1330,2826,3743,3201,3160,2937,3500,1931,2642,2816,3119,2434,1104,1759,1582,5911,7334,2837,4424,2050,2060,4132,3135,2171,2201,3310,4799,5362,5433,2636,4541,1910,1722,2978,3720,3046,1744,2931,1968,6705,4667,2055,2858,1743,1229,1466,1723,1184,2134,1775,3128,3001,2904,1187,3884,1332,1545,2616,1575,2178,1672,1354,2343,6540,4093,1757,2420,1665,1226,2223,2457,1998,2315,4135,5410,5227,5051,3983,5411
Bacteria_Proteobacteria_Gammaproteobacteria_Chromatiales,0,0,0,10,0,0,0,34,0,0,0,0,0,0,0,0,0,0,0,5,0,0,0,0,0,0,7,0,0,5,0,0,0,0,10,0,0,0,0,0,0,0,0,0,0,0,0,0,0,0,6,0,0,0,0,0,0,0,0,0,0,0,0,0,0,0,0,0,0,0,0,0,51,10,4,0,0,48,0,11,11,9,60,0,0,8,0,0,0,0,0,0,0,0,27,0,0,9,0,0,5,4,0,44,39,0,0,0,0,0,0,0,0,0,0,0,0,0,102,0,10,0,0,0,10,0,0,0,0,0,0,0,0,0,0,0,0,0,0,0,14,0,0
Bacteria_Proteobacteria_Gammaproteobacteria_Competibacterales,0,0,0,0,0,0,0,0,0,0,0,0,0,0,0,0,0,0,0,0,0,0,0,0,0,0,0,0,0,0,0,0,0,0,0,0,0,0,0,0,0,0,0,0,0,0,0,0,0,0,0,0,0,0,0,0,0,0,0,0,0,0,0,0,0,0,0,0,0,0,0,0,0,0,0,0,0,0,0,0,0,0,0,0,0,0,4,0,0,0,0,0,0,0,0,0,0,0,0,0,0,0,0,0,0,0,0,0,0,0,0,0,0,0,0,0,0,0,0,0,0,0,0,0,0,0,0,0,0,0,42,0,0,54,0,0,0,0,0,0,0,0,0
Bacteria_Proteobacteria_Gammaproteobacteria_Coxiellales,80,49,0,0,6,0,31,0,6,12,0,13,0,0,25,0,6,235,0,0,0,0,8,5,0,66,8,0,6,0,14,0,78,80,75,91,0,0,4,17,0,0,194,47,16,23,0,6,0,0,0,0,0,0,0,5,91,108,2,0,0,0,7,11,0,0,0,65,29,6,149,0,0,4,0,0,0,15,21,34,87,10,0,0,8,0,9,0,33,192,43,215,44,0,74,0,0,0,0,0,0,0,0,64,51,10,8,0,0,0,6,0,0,30,24,3,16,0,0,0,0,0,0,0,10,0,0,0,93,3,5,3,0,17,0,0,0,0,9,18,31,0,0
Bacteria_Proteobacteria_Gammaproteobacteria_D90,0,0,0,12,0,0,0,0,0,0,0,0,0,0,0,0,0,21,0,0,0,0,0,0,0,0,0,0,0,0,0,0,0,0,0,0,0,0,0,0,0,0,0,0,0,0,0,0,0,0,2,0,0,0,0,0,0,0,0,0,0,0,0,0,0,5,0,0,0,0,0,0,0,11,0,0,0,0,0,0,0,0,0,0,7,10,0,3,0,0,0,0,0,0,0,0,0,0,0,4,0,0,0,0,0,10,0,0,0,0,0,0,0,0,15,0,16,0,0,0,0,0,0,0,0,0,0,0,0,0,0,0,0,0,0,0,0,0,0,25,0,0,0
Bacteria_Proteobacteria_Gammaproteobacteria_Diplorickettsiales,0,0,21,0,3,0,0,7,20,27,0,2,0,0,0,0,11,8,4,0,0,7,4,6,0,3,0,12,0,0,0,7,53,53,10,12,8,0,0,0,2,0,0,15,0,3,3,21,0,0,5,0,0,0,7,0,13,18,9,0,0,0,0,9,0,6,18,16,15,0,17,0,0,2,0,2,0,0,0,34,40,0,11,0,0,0,0,5,0,0,26,24,14,0,0,0,7,4,2,0,0,0,3,14,0,18,8,5,0,0,0,14,0,5,0,3,3,0,0,0,0,0,0,0,0,0,3,0,0,4,0,0,0,0,0,0,0,0,2,0,0,0,0
Bacteria_Proteobacteria_Gammaproteobacteria_EC3,0,0,0,0,0,0,0,0,0,0,0,0,2,0,0,4,0,0,0,0,0,0,0,0,13,25,13,0,3,18,0,32,0,0,7,0,4,13,0,6,2,0,0,0,73,0,0,0,0,4,0,0,0,0,0,0,0,0,0,0,0,0,13,15,0,4,0,0,0,0,0,0,0,0,0,0,0,0,0,0,0,0,0,0,0,13,0,0,0,0,0,0,0,0,0,0,0,0,0,0,0,0,0,0,0,0,0,0,0,0,6,0,0,0,0,9,0,0,0,0,0,9,5,0,0,0,0,159,0,0,0,0,0,0,0,0,0,0,0,0,0,0,0
Bacteria_Proteobacteria_Gammaproteobacteria_Ectothiorhodospirales,0,0,0,0,23,0,0,0,6,27,7,20,8,4,8,0,0,0,2,0,0,0,0,0,4,6,3,0,0,0,3,0,0,0,0,0,0,0,3,0,4,3,0,0,0,0,0,0,4,0,0,0,7,0,0,0,0,0,0,0,3,6,0,0,0,0,0,0,0,0,0,0,0,0,0,0,0,0,0,5,6,3,4,3,0,2,0,2,0,0,0,2,0,0,6,0,0,0,0,0,0,0,0,0,0,0,0,0,0,0,0,0,0,0,0,6,0,0,3,0,0,3,0,0,0,0,0,0,0,0,0,0,0,0,0,0,0,0,0,0,0,0,0
Bacteria_Proteobacteria_Gammaproteobacteria_Enterobacteriales,0,0,0,151,0,0,40,0,0,0,0,44,0,0,0,0,0,0,2,0,0,0,0,0,0,0,0,0,0,6,3,0,0,3,0,0,0,0,0,0,3,0,0,0,0,0,0,0,5,3,0,0,0,0,0,4,0,0,0,0,0,0,0,0,0,0,0,0,4,0,0,0,0,0,3,0,0,0,2,0,0,0,3,0,0,0,0,0,0,0,0,0,0,0,0,0,0,0,0,0,0,5,0,0,0,0,0,0,0,0,0,0,0,0,0,0,0,0,0,0,0,0,0,0,0,0,0,0,0,0,0,0,0,0,0,0,0,7,0,0,0,0,0
Bacteria_Proteobacteria_Gammaproteobacteria_EPR3968-O8a-Bc78,0,25,0,0,15,23,10,13,0,0,18,9,13,0,0,0,0,11,0,8,24,32,14,0,0,0,12,10,0,0,0,3,0,0,4,0,0,0,0,0,0,0,0,0,0,5,0,7,0,3,8,0,0,0,0,0,0,0,0,0,0,0,3,0,60,0,0,0,2,0,0,0,0,0,0,0,0,0,14,11,34,0,0,2,0,11,32,4,7,0,13,10,7,0,0,0,0,0,0,0,0,0,0,50,29,0,0,0,0,4,0,0,0,9,8,39,0,0,10,0,0,0,0,0,0,0,0,0,11,0,0,0,0,0,5,0,0,20,32,159,176,5,0
Bacteria_Proteobacteria_Gammaproteobacteria_eub62A3,0,0,0,0,0,0,0,0,0,0,6,19,0,0,0,0,0,20,60,7,0,10,0,51,0,0,0,0,12,0,0,0,5,0,22,13,0,0,0,0,0,0,7,3,29,7,0,0,0,0,0,0,56,0,0,0,0,0,55,2,0,0,0,0,0,0,0,0,5,0,81,0,0,0,0,0,0,0,0,9,0,0,24,0,0,0,0,0,0,0,0,0,0,0,11,0,0,0,0,0,0,0,0,0,0,0,21,0,0,0,0,0,0,0,0,0,0,0,0,0,0,0,0,0,0,0,0,0,0,0,6,0,0,0,0,0,0,0,0,0,0,0,0
Bacteria_Proteobacteria_Gammaproteobacteria_F9P41300-M23,0,0,0,0,0,0,0,0,0,0,0,3,0,5,0,0,0,0,0,0,0,0,0,0,0,0,0,0,0,0,0,0,0,0,0,0,0,4,0,0,0,0,0,0,0,0,0,0,0,0,0,0,0,0,0,0,0,0,0,0,0,0,0,0,0,0,0,0,0,0,0,0,0,0,0,0,0,0,0,0,0,0,0,0,0,0,0,0,0,0,0,0,0,0,0,0,0,0,0,0,0,0,0,0,0,0,0,0,0,0,0,0,0,0,0,0,0,0,0,0,0,0,0,0,0,0,0,0,0,0,0,0,0,0,0,0,0,7,0,0,0,0,0
Bacteria_Proteobacteria_Gammaproteobacteria_Francisellales,0,0,74,347,0,6,33,15,93,75,9,93,33,49,115,0,0,27,202,82,4,78,175,71,25,7,39,22,0,2,0,14,104,79,0,0,4,0,5,7,0,0,2,5,47,8,34,16,0,2,10,8,0,0,0,12,5,27,3,4,0,3,34,0,0,0,4,17,32,3,71,0,0,64,25,0,0,0,17,0,9,7,40,0,7,16,21,19,0,0,0,75,33,268,15,0,6,5,18,0,0,0,0,16,12,9,0,0,0,3,9,65,0,0,0,18,35,0,0,0,4,0,0,2,0,6,9,0,11,2,9,0,0,3,0,0,10,5,0,55,4,0,0
Bacteria_Proteobacteria_Gammaproteobacteria_Ga0077536,0,0,0,0,0,0,0,0,0,0,0,0,0,0,0,0,0,0,0,19,0,0,8,0,0,0,0,0,0,0,0,0,0,0,0,0,0,0,0,0,9,0,0,0,6,0,0,13,0,0,0,0,0,0,0,0,0,0,0,0,0,0,11,0,0,0,7,0,0,0,0,0,0,0,0,0,0,0,0,10,0,0,0,0,0,0,0,0,0,0,0,0,18,0,0,0,0,0,0,0,0,0,0,8,0,0,4,6,0,0,0,0,0,0,0,19,14,0,0,0,0,0,0,0,0,0,0,76,76,0,0,0,0,0,0,0,0,19,0,44,50,0,0
Bacteria_Proteobacteria_Gammaproteobacteria_HglApr721,0,0,0,0,0,0,0,0,0,0,0,0,0,0,0,0,0,0,0,0,0,0,0,0,0,0,0,0,0,0,0,0,0,0,0,0,0,0,0,0,0,0,0,0,0,0,0,0,0,0,0,0,0,0,0,0,0,0,0,0,0,0,0,0,0,0,0,0,0,0,0,0,5,0,0,0,0,0,0,0,0,0,10,0,2,0,6,0,0,0,0,0,0,0,0,0,0,0,0,0,3,0,0,6,0,3,0,0,0,0,0,0,0,0,0,0,0,0,0,0,0,0,0,0,0,0,0,0,0,0,0,0,0,0,0,0,0,0,0,0,0,0,0
Bacteria_Proteobacteria_Gammaproteobacteria_HOC36,0,0,0,0,32,12,9,0,0,0,0,9,20,12,33,17,0,0,19,11,0,16,0,15,0,0,0,21,0,3,0,3,18,7,3,0,3,5,42,41,11,13,20,0,9,10,0,8,6,19,45,42,13,15,0,4,5,11,10,7,0,14,76,110,248,18,0,0,0,13,4,60,95,25,104,68,0,15,19,37,48,49,50,58,59,80,66,68,72,0,70,45,62,0,0,49,18,64,57,125,41,22,258,45,52,29,11,38,76,38,58,29,84,53,31,71,47,5,17,72,75,67,45,155,84,63,46,414,56,71,14,119,52,46,14,37,89,56,19,97,64,5,49
Bacteria_Proteobacteria_Gammaproteobacteria_JTB23,0,0,0,0,0,0,12,0,52,6,0,0,0,0,0,0,0,0,0,0,0,0,0,22,0,0,0,0,0,0,0,0,0,0,23,0,0,0,0,0,0,0,0,7,0,4,0,0,0,0,0,0,0,0,0,0,8,0,0,0,0,0,0,0,0,0,0,0,7,0,0,0,0,0,0,0,0,0,0,0,10,4,14,0,5,9,0,0,0,0,0,11,4,0,0,0,0,0,0,0,0,0,0,31,13,0,26,0,0,0,0,0,0,0,9,20,15,0,0,0,0,0,0,0,0,0,0,0,53,0,0,0,0,0,0,0,0,14,10,90,57,0,0
Bacteria_Proteobacteria_Gammaproteobacteria_KI89A clade,11,47,145,202,166,91,207,202,152,53,83,98,176,123,71,49,171,227,148,148,244,117,151,238,352,256,307,175,228,236,221,285,293,327,344,367,361,237,209,119,345,192,239,302,263,451,174,449,55,97,112,70,94,47,88,56,208,168,137,50,76,56,100,57,23,113,242,141,230,150,153,95,146,94,164,112,0,115,102,419,569,150,254,65,276,171,247,127,161,115,183,363,399,56,180,88,66,71,75,171,65,58,106,647,411,63,205,52,51,107,83,31,15,125,137,395,246,50,270,57,65,64,61,125,70,70,43,585,415,45,71,52,0,101,103,10,77,163,150,650,444,96,134
Bacteria_Proteobacteria_Gammaproteobacteria_Legionellales,0,0,0,0,0,0,0,0,0,0,0,0,0,0,0,0,0,0,0,0,0,0,8,14,36,10,0,13,11,23,27,49,10,3,15,53,51,79,33,9,8,3,0,0,0,34,8,6,0,0,0,0,0,0,2,0,0,0,0,0,0,3,0,0,0,0,0,0,0,0,8,0,0,0,0,0,0,10,0,0,8,0,10,0,5,0,0,0,0,0,0,0,0,0,0,0,0,0,0,0,0,0,0,0,4,0,0,0,0,0,0,0,0,0,0,0,0,0,0,0,0,0,0,0,0,0,0,0,0,0,0,0,0,3,8,0,0,3,0,0,0,0,0
Bacteria_Proteobacteria_Gammaproteobacteria_MBAE14,0,0,0,52,0,0,0,14,0,0,0,4,0,0,0,0,0,29,9,11,9,0,0,11,14,0,6,5,0,0,0,0,5,0,0,0,10,12,0,0,0,0,0,0,0,0,0,16,0,0,0,0,0,0,0,0,0,0,10,0,0,0,0,0,0,0,0,0,5,0,0,0,0,0,0,0,0,0,0,10,24,0,11,0,0,0,0,8,0,0,0,0,0,0,11,0,0,0,0,0,0,0,0,36,52,0,0,0,0,0,0,0,0,0,0,0,0,0,6,0,7,5,0,0,7,7,0,0,158,0,0,0,0,0,0,0,0,0,9,33,48,0,0
Bacteria_Proteobacteria_Gammaproteobacteria_Nitrococcales,0,0,0,0,0,0,0,0,0,0,0,0,0,0,0,0,0,0,0,0,0,0,0,0,0,0,0,0,0,0,0,0,0,0,0,0,0,0,0,0,0,0,0,0,0,0,0,0,0,0,0,0,0,0,0,0,0,0,0,0,0,0,0,0,0,0,0,0,0,0,0,0,0,0,0,0,51,0,0,0,0,0,0,0,0,0,0,0,0,0,0,0,0,0,0,0,0,0,0,0,0,0,0,0,0,0,0,0,0,0,0,0,0,0,0,0,0,0,0,0,0,0,0,0,0,0,0,0,0,0,0,0,0,0,0,0,0,0,0,0,0,0,0
Bacteria_Proteobacteria_Gammaproteobacteria_Nitrosococcales,73,326,77,99,134,46,133,42,62,101,16,77,51,137,62,84,52,93,172,143,19,169,134,178,40,55,34,65,68,72,30,48,223,79,92,76,18,23,75,27,33,34,60,81,62,84,36,207,0,6,21,4,6,14,16,20,60,64,51,21,0,4,0,9,0,40,81,41,51,62,51,40,35,62,70,48,0,40,42,265,195,63,174,29,52,66,186,30,113,263,84,150,256,0,90,7,0,18,27,10,44,18,27,387,204,77,120,22,0,0,11,0,0,108,62,295,144,0,127,0,11,0,0,10,24,15,9,842,492,8,26,13,0,6,31,6,42,141,117,517,513,0,82
Bacteria_Proteobacteria_Gammaproteobacteria_Oceanospirillales,568,561,594,342,894,256,461,468,646,774,319,516,827,2069,898,436,678,945,742,748,718,1116,482,581,705,1684,910,463,627,558,1320,1251,427,921,517,816,931,512,1226,817,662,576,620,276,617,574,781,496,723,488,371,487,719,811,1352,1550,560,528,500,1627,937,357,2093,1192,1695,503,386,233,445,526,352,650,1180,1042,1035,634,324,403,641,280,345,193,456,440,804,700,1295,951,1062,618,417,399,502,0,415,1898,1456,1325,1391,1215,1444,865,1678,391,333,1710,354,569,1116,286,338,588,1534,390,352,433,429,122,513,1035,850,1047,1051,640,1298,546,830,776,302,1219,609,1599,1539,348,598,849,2267,496,828,688,1341,574,330
Bacteria_Proteobacteria_Gammaproteobacteria_OM182 clade,97,43,38,343,104,93,224,71,186,219,120,93,124,31,131,72,45,43,264,304,460,394,182,333,63,56,109,52,85,96,55,104,375,300,113,84,283,24,61,43,28,35,107,191,142,117,39,143,37,31,18,12,14,35,45,25,64,51,57,27,26,37,21,9,0,69,68,34,43,52,86,31,28,89,40,34,0,40,58,305,239,58,144,49,0,113,86,27,26,55,247,209,242,0,144,38,0,0,24,36,15,46,64,287,187,83,129,19,11,21,19,0,17,59,57,169,160,0,126,0,2,27,10,0,0,10,17,226,106,27,20,18,11,17,57,23,34,157,97,264,274,29,0
Bacteria_Proteobacteria_Gammaproteobacteria_Orbales,0,0,0,0,0,0,0,0,0,0,0,0,0,0,0,0,0,0,0,0,53,0,0,0,0,0,0,0,0,0,0,0,0,0,0,0,0,0,0,0,0,0,0,0,0,0,0,0,0,0,0,0,0,0,0,0,0,0,0,0,0,0,0,0,0,0,0,0,0,0,0,0,0,0,0,0,0,0,0,0,0,0,0,0,0,0,0,0,0,0,0,0,0,0,0,0,0,0,0,0,0,0,0,0,0,0,0,0,0,0,0,0,0,0,0,0,0,0,0,0,0,0,0,0,0,0,0,0,0,0,0,0,0,0,0,0,0,0,0,0,0,0,0
Bacteria_Proteobacteria_Gammaproteobacteria_Piscirickettsiales,0,0,0,0,0,0,0,0,0,0,0,0,0,0,0,0,0,0,0,0,0,0,0,0,0,0,2,0,10,0,0,0,0,0,0,0,0,0,0,0,0,0,18,0,47,0,0,0,0,14,0,4,17,2,0,0,0,0,0,0,0,8,0,0,0,0,0,0,0,0,0,0,0,9,8,6,0,0,0,0,0,54,18,0,0,34,0,0,0,0,0,0,0,0,0,0,0,2,8,0,0,0,0,0,0,6,0,0,5,0,0,0,0,0,0,0,0,0,0,0,0,10,0,3,2,0,0,0,0,0,0,2,0,3,2,0,0,0,0,0,0,0,0
Bacteria_Proteobacteria_Gammaproteobacteria_pItb-vmat-80,0,0,0,0,0,0,17,0,0,0,0,0,0,0,0,0,9,0,0,8,0,0,0,0,0,0,0,10,0,0,0,7,0,0,0,0,0,0,0,0,0,0,0,0,0,0,0,0,0,0,0,0,0,0,0,5,0,0,0,0,0,0,0,0,0,0,0,0,0,0,0,0,0,0,0,0,0,0,0,0,0,0,0,0,0,0,17,0,0,0,0,0,0,0,0,0,0,0,0,0,0,0,0,9,0,0,0,0,0,0,0,0,0,0,0,0,0,0,0,0,0,0,0,0,0,0,0,0,0,0,0,0,0,0,0,0,0,0,0,0,0,0,0
Bacteria_Proteobacteria_Gammaproteobacteria_Pseudomonadales,0,0,29,0,40,9,0,0,0,31,4,15,50,26,12,59,41,0,13,43,65,8,12,0,0,2,11,6,0,19,0,0,0,0,0,0,29,0,0,0,0,0,0,0,0,0,0,0,5,0,17,2,0,0,0,0,0,0,0,0,0,4,0,3,0,0,0,0,0,5,0,0,0,0,0,0,441,0,0,0,0,0,0,0,3,0,0,0,0,0,4,0,12,0,2,0,2,0,6,7,0,0,0,0,10,3,0,4,0,0,2,0,3,0,0,0,21,0,0,0,0,0,3,0,13,0,3,12,0,0,0,0,71,0,4,4,0,0,0,0,0,0,118
Bacteria_Proteobacteria_Gammaproteobacteria_Salinisphaerales,0,0,25,0,0,0,0,0,0,0,0,0,0,0,0,0,0,2,0,0,48,5,0,0,0,0,21,0,0,12,0,0,0,0,0,0,0,0,0,0,0,0,0,0,0,0,0,0,0,0,0,0,0,0,0,0,0,0,0,0,0,0,0,0,0,0,0,0,0,0,0,0,0,0,0,0,0,0,0,0,0,0,0,0,0,0,0,0,0,0,0,0,0,0,0,0,0,0,4,0,0,0,0,7,18,0,0,0,0,0,0,0,0,0,0,0,0,0,0,0,0,0,0,0,0,0,0,0,0,0,0,0,0,0,0,0,0,0,0,0,0,0,65
Bacteria_Proteobacteria_Gammaproteobacteria_SAR86 clade,400,206,97,100,898,461,291,214,260,205,405,194,532,417,359,132,84,232,86,200,349,373,92,40,406,361,941,86,172,215,331,258,13,19,150,920,336,237,303,143,311,185,13,0,60,287,330,238,92,67,64,54,137,213,105,38,35,31,409,62,27,55,187,69,384,67,10,45,39,65,40,54,112,119,51,32,0,79,24,72,21,62,151,65,225,70,246,174,127,57,40,83,117,0,134,52,56,26,32,51,169,34,37,129,165,180,208,77,143,50,67,38,23,56,33,118,71,82,60,28,154,28,132,16,48,38,77,0,48,18,59,24,0,34,150,26,31,21,17,57,8,65,0
Bacteria_Proteobacteria_Gammaproteobacteria_Steroidobacterales,529,118,132,245,463,393,672,505,301,353,70,180,348,306,329,120,415,360,354,324,545,409,432,756,383,412,309,597,623,341,289,432,1299,1433,660,351,274,238,462,314,678,300,784,983,668,741,130,1957,340,345,385,307,308,242,358,404,544,653,447,216,227,301,435,452,251,470,780,752,815,247,656,313,347,388,510,579,0,369,245,984,1186,354,656,254,414,530,598,418,255,418,782,851,867,231,614,313,187,320,380,353,309,223,334,1501,1104,382,748,260,212,268,272,156,206,547,638,1069,932,138,962,225,393,231,229,450,374,244,304,968,1519,360,309,207,1080,214,370,215,406,656,558,1732,1565,332,250
Bacteria_Proteobacteria_Gammaproteobacteria_SZB50,0,0,0,0,52,8,38,31,0,0,0,0,0,0,5,0,0,0,0,11,96,0,13,89,35,22,0,74,79,37,13,43,24,24,73,39,8,7,8,32,101,11,16,60,51,0,20,37,40,22,36,12,27,19,30,21,15,17,20,7,0,39,23,37,0,36,81,51,45,20,18,22,27,0,0,30,0,27,0,0,28,16,31,0,5,22,0,12,21,0,24,20,37,0,17,22,11,10,7,41,19,41,20,11,0,12,0,5,8,0,9,13,16,11,56,5,30,9,48,34,25,8,9,75,15,14,9,0,0,13,20,0,35,21,25,23,23,36,26,7,9,18,217
Bacteria_Proteobacteria_Gammaproteobacteria_Tenderiales,0,0,58,0,16,12,0,0,0,4,0,9,0,7,21,0,0,0,10,0,30,28,13,22,0,0,21,7,10,0,6,13,220,137,39,30,0,11,17,7,0,0,95,61,82,84,0,197,0,0,0,5,0,0,14,10,77,116,0,8,0,0,9,0,0,54,164,69,108,25,82,0,0,7,0,8,0,0,51,348,391,40,115,0,0,0,26,21,0,13,144,191,300,144,75,13,0,0,0,0,0,73,80,238,180,0,171,0,3,8,17,0,5,115,114,203,190,9,157,5,5,11,11,0,4,10,16,164,350,14,106,0,0,8,0,14,6,154,104,398,157,36,127
Bacteria_Proteobacteria_Gammaproteobacteria_Thiohalorhabdales,0,0,0,63,13,9,68,62,9,49,49,78,12,61,64,67,3,70,130,124,39,64,34,96,12,42,64,130,106,62,30,96,241,213,176,97,155,56,106,196,152,69,307,170,155,214,71,103,131,62,185,158,48,58,140,191,158,111,112,70,209,160,187,238,24,163,179,128,166,76,99,63,113,147,147,53,0,105,97,325,389,0,170,26,45,127,291,209,89,0,214,508,441,0,203,103,91,122,169,237,150,98,80,325,248,115,11,91,55,187,105,132,58,166,120,247,264,38,170,278,281,163,151,213,234,47,121,577,201,95,153,113,56,200,179,178,189,211,180,474,448,40,17
Bacteria_Proteobacteria_Gammaproteobacteria_Thiotrichales,96,0,0,0,0,0,0,0,6,0,4,0,0,3,0,0,0,7,0,0,0,0,0,0,0,0,0,0,0,0,0,0,0,0,0,0,0,0,0,0,0,0,3,6,6,0,0,0,0,0,0,0,0,0,0,0,7,0,0,0,2,0,0,0,0,0,0,0,0,0,0,0,0,0,0,0,0,2,0,16,0,0,0,0,0,2,0,0,0,0,0,0,0,0,0,0,0,0,0,4,0,0,0,5,57,0,16,0,0,0,0,0,0,5,0,0,0,45,0,0,0,0,0,0,0,0,0,0,0,0,0,0,0,0,0,0,0,5,2,0,0,0,0
Bacteria_Proteobacteria_Gammaproteobacteria_UBA10353 marine group,63,92,0,3,0,14,129,88,30,90,18,16,25,13,31,0,17,35,70,16,67,57,56,13,40,0,0,9,0,0,0,0,133,80,50,0,24,0,44,0,0,13,97,84,67,48,0,191,0,0,0,10,0,0,27,37,40,41,25,16,0,0,0,0,0,44,86,23,48,28,22,0,0,25,15,6,0,46,26,167,115,62,76,28,33,141,103,64,0,75,95,107,221,0,104,9,12,0,0,28,27,8,36,393,356,53,113,0,11,3,22,10,15,56,87,278,144,0,101,0,0,0,0,0,6,0,14,550,303,0,0,37,0,20,0,16,35,146,22,409,473,28,26
Bacteria_Proteobacteria_Gammaproteobacteria_Vibrionales,2884,5425,560,1694,2555,726,3561,2224,1376,3626,1091,2076,2114,2747,1644,1245,2322,2475,1246,1004,2328,2700,1754,486,3198,3654,2768,3084,4032,4763,4040,4674,3964,8343,6590,2751,2609,1619,3014,1988,3480,2033,2168,985,1484,2071,4424,762,1163,1847,412,332,1357,1544,1891,1901,832,582,1789,915,1235,1096,2169,791,4307,2777,2020,841,1231,1918,1005,629,737,1120,959,386,280,791,663,698,647,519,1226,3025,2334,2194,1714,1536,1787,2276,3779,1329,1823,1099,1186,2784,2214,4133,1382,2065,2108,1915,2042,1442,1633,2785,2590,363,378,292,294,354,513,477,1206,805,534,630,1385,381,782,814,572,653,1289,1032,1121,613,387,929,1342,1381,908,1046,1684,1706,2624,4980,2544,1286,1558,2930,1659
Bacteria_Proteobacteria_Gammaproteobacteria_Xanthomonadales,0,0,0,0,0,0,0,0,0,0,0,0,0,0,0,0,0,0,0,0,0,0,0,0,0,0,0,0,0,0,0,0,32,60,0,0,0,0,0,0,0,0,0,0,0,0,0,0,0,0,0,0,0,0,0,0,9,0,0,0,0,0,0,0,0,0,0,0,0,0,0,0,0,0,0,0,0,0,0,0,0,0,0,0,0,0,0,0,0,0,0,0,0,0,0,0,0,0,0,0,0,0,0,0,0,0,0,0,0,0,0,0,0,0,0,0,0,0,0,0,0,0,0,0,0,0,0,0,0,0,0,0,0,0,0,0,0,0,0,0,0,0,0
Bacteria_Proteobacteria_Gammaproteobacteria_unclassified,950,2035,423,830,3977,780,1618,1126,885,859,516,935,1122,961,1485,1673,870,1575,933,754,1528,1089,456,1906,1369,2272,1744,1524,1612,1018,4676,4650,1595,1814,820,1248,975,762,2418,2116,1748,1473,1367,1049,772,1112,360,1865,1351,1293,1042,837,2652,2238,1894,2073,965,961,733,507,2622,783,2104,2142,1913,809,1197,681,819,1360,864,1570,1083,974,947,1442,1738,1131,732,2181,2202,654,977,723,843,1227,817,1011,1128,1017,1109,1333,1644,1021,721,2191,1766,1227,1342,2481,2705,1117,1483,2541,1685,1412,818,1870,1434,950,721,1489,911,775,1740,1465,1030,494,931,1673,2557,2031,1612,1561,2232,1144,1341,2784,1855,1765,1052,1565,1243,859,1717,1412,2595,1366,1486,2752,2033,997,1539
Bacteria_Proteobacteria_Magnetococcia_Magnetococcales,0,0,0,0,0,0,0,0,0,0,0,0,0,0,0,0,0,0,0,0,0,0,0,0,0,0,0,0,0,0,0,0,0,0,0,0,0,0,0,0,0,0,0,0,0,0,0,0,0,0,0,0,0,0,0,0,0,0,0,0,0,0,0,0,0,0,0,0,0,0,0,0,0,0,0,0,0,0,0,0,0,0,0,0,0,0,0,0,0,0,0,0,0,0,0,0,0,0,0,0,0,0,0,0,0,0,0,0,0,0,0,0,0,0,0,0,0,0,0,0,0,0,0,0,0,0,0,0,0,0,0,0,0,0,0,0,0,0,0,92,2,0,0
Bacteria_Proteobacteria_unclassified_unclassified,75,91,60,151,13,101,10,12,31,87,33,3,57,15,16,0,16,26,9,11,14,42,8,20,28,45,93,128,60,61,32,55,45,57,8,13,57,28,51,61,77,41,139,87,76,46,64,51,80,94,127,89,60,57,94,50,149,71,165,45,73,47,114,106,604,127,64,56,42,15,36,42,42,51,101,23,0,9,39,103,58,80,76,38,37,32,46,23,38,0,60,54,21,0,17,22,44,21,19,21,34,18,21,13,40,20,15,22,42,63,48,40,28,21,36,35,11,33,46,32,35,104,78,77,88,29,67,66,34,47,58,182,305,199,62,54,40,69,17,20,0,65,40
Bacteria_Spirochaetes_Leptospirae_Leptospirales,0,0,0,0,7,48,0,0,20,72,12,24,20,0,10,0,5,4,6,5,3,4,31,11,0,0,15,8,0,0,0,0,0,16,0,5,19,0,4,0,14,3,15,6,0,25,0,33,2,0,0,4,0,0,3,21,13,18,12,0,0,0,0,0,0,3,6,0,5,0,58,0,0,0,0,0,0,8,0,4,5,26,26,0,0,0,0,0,0,12,0,4,7,0,0,0,0,0,0,0,0,0,21,5,23,0,22,0,5,0,3,0,0,11,27,0,7,0,0,0,0,6,5,2,0,10,21,0,40,0,0,0,0,7,5,0,0,18,7,3,0,0,0
Bacteria_Spirochaetes_Spirochaetia_Spirochaetales,0,0,0,0,0,0,0,0,0,0,0,0,0,0,0,0,0,0,0,0,0,0,0,0,0,0,0,0,0,0,0,0,0,0,0,0,0,0,0,0,0,0,0,0,0,0,0,5,6,3,3,0,0,0,0,0,0,0,0,0,18,4,10,11,0,0,0,8,0,0,2,6,0,0,0,0,0,7,47,0,0,7,0,0,0,0,27,0,0,0,0,0,0,0,0,0,0,0,0,0,0,0,3,0,0,0,0,3,0,0,16,0,0,0,3,0,0,0,0,6,10,0,0,0,0,97,164,0,0,0,0,0,0,0,0,0,0,5,0,0,0,0,0
Bacteria_Spirochaetes_unclassified_unclassified,0,0,112,0,0,0,0,0,10,46,52,10,0,0,0,0,4,0,0,6,0,9,0,0,0,0,0,0,0,0,0,0,5,4,0,0,0,0,0,0,0,0,21,0,8,18,0,8,0,0,0,0,0,0,0,0,0,0,0,0,0,0,0,0,0,0,3,0,0,0,0,0,0,0,0,0,0,0,0,4,28,0,0,0,0,0,0,0,0,0,0,0,0,0,0,0,0,0,0,0,0,0,0,0,3,0,0,2,0,0,0,0,0,0,0,5,0,0,0,0,0,0,0,0,0,0,0,0,9,0,0,0,0,0,0,0,0,0,0,0,0,0,0
Bacteria_Tenericutes_Mollicutes_Acholeplasmatales,0,0,0,0,0,0,0,0,0,0,0,0,0,0,8,4,3,0,0,0,0,0,0,0,5,10,0,6,0,2,0,4,0,0,0,12,0,0,0,0,2,4,0,0,2,2,6,4,0,0,0,0,0,3,3,0,0,0,0,0,0,0,0,0,0,0,0,0,2,0,0,7,13,18,4,4,0,11,4,0,0,3,15,13,18,2,16,12,15,0,0,10,13,0,8,3,11,0,0,3,8,0,0,6,15,6,29,5,2,0,2,0,0,3,2,10,0,0,4,0,12,0,0,0,0,0,3,0,4,5,7,0,0,0,12,3,7,0,5,4,0,3,0
Bacteria_Tenericutes_Mollicutes_Mycoplasmatales,59,0,0,0,24,0,0,0,0,0,0,0,0,0,0,0,7,3,0,0,0,0,0,0,0,6,0,0,0,3,0,0,0,0,4,0,0,0,0,0,0,0,0,0,0,0,0,0,0,0,0,0,0,0,0,0,0,0,0,0,0,0,0,0,0,0,0,0,0,0,0,0,4,0,0,0,0,0,0,0,0,0,0,0,0,0,4,0,0,0,0,0,0,0,0,0,0,0,0,0,0,0,0,0,0,0,0,0,0,0,0,0,0,0,0,0,0,0,0,0,0,0,0,0,0,0,0,0,0,0,0,0,0,0,0,0,0,0,0,0,0,0,0
Bacteria_Verrucomicrobia_Verrucomicrobiae_Arctic97B-4 marine group,0,12,29,0,48,0,14,0,0,0,3,6,22,7,5,3,0,0,0,10,0,0,0,0,97,48,109,0,19,36,49,33,3,0,17,55,20,32,62,37,32,21,13,0,0,52,60,30,0,0,0,0,0,2,0,0,0,0,0,2,0,0,0,0,0,0,0,0,0,0,0,12,24,14,11,0,0,15,4,14,0,10,13,12,34,11,51,22,0,0,5,0,16,0,7,0,0,0,0,0,0,0,0,4,3,0,0,0,0,0,0,0,0,0,0,0,0,0,0,0,4,0,5,0,0,0,0,0,0,0,0,0,0,0,6,0,2,0,0,0,0,0,0
Bacteria_Verrucomicrobia_Verrucomicrobiae_Chthoniobacterales,0,0,0,0,0,0,0,0,0,0,0,0,0,0,0,0,0,0,0,0,0,0,0,0,0,0,0,0,2,0,0,0,4,0,9,0,0,0,0,0,0,3,14,4,14,7,0,12,0,0,0,0,0,0,0,18,16,17,47,0,0,0,0,0,0,16,27,63,54,6,50,0,2,0,0,0,0,0,4,85,81,0,0,0,0,0,0,0,0,52,65,17,55,56,19,0,0,0,0,41,0,0,2,5,36,0,14,0,0,0,0,0,0,33,30,6,14,25,16,0,0,0,2,0,3,0,16,221,40,13,12,9,0,6,2,123,0,43,17,29,0,8,91
Bacteria_Verrucomicrobia_Verrucomicrobiae_Methylacidiphilales,0,31,53,0,34,24,22,9,128,0,47,14,130,83,46,6,6,17,23,6,9,56,82,23,9,14,50,27,40,26,6,25,48,76,140,28,73,8,36,25,47,11,38,134,93,116,33,309,22,39,31,3,31,44,34,48,182,99,230,26,26,50,40,99,0,103,119,160,107,92,257,48,76,32,28,55,0,51,52,279,279,197,107,25,6,89,30,24,17,256,121,293,270,0,90,18,11,17,29,77,0,19,38,620,324,39,157,48,72,11,39,15,14,156,159,40,84,128,136,14,22,60,19,60,15,5,91,210,250,87,109,66,0,58,33,5,22,402,93,107,95,47,367
Bacteria_Verrucomicrobia_Verrucomicrobiae_Opitutales,213,182,325,437,182,203,340,191,937,997,202,372,356,226,564,280,455,344,369,536,1020,597,650,673,423,391,837,348,343,484,354,325,386,679,338,325,417,251,660,440,505,290,283,528,295,319,456,559,166,340,281,258,406,444,254,904,521,497,500,168,212,151,331,246,0,447,416,464,589,265,345,375,255,337,288,444,1309,379,996,739,690,667,969,274,382,563,632,418,227,656,547,1265,947,678,422,196,164,149,233,499,557,1486,415,620,456,739,688,196,277,186,325,114,226,270,512,627,427,280,463,54,180,344,140,407,116,767,788,1660,765,370,369,147,291,451,256,145,191,392,270,620,459,198,418
Bacteria_Verrucomicrobia_Verrucomicrobiae_Pedosphaerales,0,18,0,92,42,0,10,25,23,24,30,16,5,14,9,51,7,0,41,19,106,54,41,22,9,0,20,5,0,12,4,2,7,25,0,100,13,5,11,0,0,4,11,32,0,6,3,33,5,2,0,0,0,2,0,11,0,0,0,5,4,0,0,3,0,4,0,2,19,11,0,17,14,9,11,6,0,13,0,78,41,2,34,11,15,32,38,5,37,46,56,52,68,20,17,3,0,5,9,0,2,4,0,51,49,4,30,3,3,2,0,0,0,15,20,103,55,3,5,0,0,0,0,0,0,5,6,140,99,2,0,0,0,14,7,0,12,28,0,220,80,0,0
Bacteria_Verrucomicrobia_Verrucomicrobiae_Verrucomicrobiales,1614,1783,1008,1867,3008,499,2411,1845,2372,1063,958,1811,3458,2920,1179,1290,2764,2217,665,1108,1236,2741,1645,497,1901,2008,2047,1316,1623,1007,1702,2196,1358,2806,1131,1488,1114,702,1141,569,2056,863,1418,1618,857,1135,3159,1973,691,1044,513,718,786,902,1510,1448,811,683,1077,505,537,621,633,778,1011,789,625,503,881,1240,896,2574,3130,1757,1687,900,1894,2177,1122,2370,2047,1190,2026,1242,1239,1102,1364,2526,1028,1916,2251,2260,3626,2355,1351,2958,2444,2078,1738,2571,1764,1011,1077,1832,1971,2066,1961,562,981,362,596,1950,1220,880,1142,1908,1203,3924,1562,707,1094,947,596,637,562,687,806,1608,877,728,686,1140,527,626,718,1411,1913,1353,1428,2249,911,2686,765
Bacteria_WPS-2,0,0,25,5,0,12,12,0,35,24,27,13,45,0,20,0,25,16,6,22,42,19,20,34,4,6,13,76,45,12,6,11,20,30,37,7,15,13,12,23,49,13,25,5,21,20,7,19,6,9,34,0,24,0,18,0,64,15,16,8,0,23,57,0,30,9,0,26,32,0,60,0,12,8,13,14,0,15,15,11,0,13,0,20,12,18,11,11,7,10,32,7,0,0,11,6,0,0,7,22,7,28,6,16,12,11,0,17,0,0,21,0,0,8,0,6,10,8,0,17,19,31,22,21,5,0,25,0,10,24,26,24,0,0,16,17,6,19,0,14,0,16,130
Bacteria_unclassified_unclassified_unclassified,132,11,235,321,141,68,341,185,63,156,217,125,75,90,115,89,103,234,117,114,555,182,106,163,201,231,555,263,348,323,153,272,349,363,151,213,201,156,277,361,277,219,248,156,1075,372,298,185,150,104,258,120,120,129,113,65,266,179,84,231,468,149,132,165,573,70,34,56,110,127,275,241,428,305,485,214,240,170,86,363,378,328,374,500,198,257,307,379,113,1115,288,361,258,1133,186,89,59,288,158,206,130,128,78,132,135,103,129,160,87,119,198,108,95,57,122,76,92,113,155,159,126,415,196,219,218,151,249,393,211,195,333,194,689,284,240,138,114,101,88,351,73,79,106
